name,color_hex
AT&T,#78909C
AiNET,#78909C
Alabama Supercomputer Authority,#78909C
Aligned,#78909C
"Aligned Data Centers, LLC",#78909C
Alpheus,#78909C
Amazon,#FF9900
AngelTrax Mobile Video Surveillance Solutions,#78909C
Apollo,#78909C
Apple,#78909C
Applied Digital,#78909C
Ascent,#78909C
BNYM,#78909C
Barclays,#78909C
Blockfusion,#78909C
Bloomberg,#78909C
CHRISTUS Health,#78909C
CSS Communications,#78909C
Centersquare,#78909C
CenturyLink,#78909C
Choctaw Nation of oklahoma,#78909C
City of Searcy,#78909C
Claro,#78909C
CloudHQ,#78909C
"Cogent Communications, Inc.",#78909C
Cologix,#78909C
Comcast,#78909C
CoreSite,#78909C
CoreSpace,#78909C
Crown Castle Fiber,#78909C
CyrusOne,#78909C
Cyxtera,#78909C
DXC Technology,#78909C
DataBank,#78909C
Dataverge,#78909C
Digital Crossroad,#78909C
Digital Realty,#78909C
DirecTV,#78909C
Duke Libraries,#78909C
EdgeConneX,#78909C
Element Critical,#78909C
Encompass,#78909C
Equinix,#78909C
Evocative,#78909C
Expedient,#78909C
Fiberhub,#78909C
Fidelity,#78909C
FirstLight,#78909C
Flexential,#78909C
Frost Bank,#78909C
GI Partners,#78909C
GVTC,#78909C
Google,#4285F4
H5,#78909C
HEB,#78909C
Hurricane Electric,#78909C
IONIC Digital,#78909C
Indiana University,#78909C
Involta,#78909C
Iron Mountain,#78909C
JPMorgan Chase,#78909C
Layer42,#78909C
Lincoln Rackhouse,#78909C
Lowe's,#78909C
Lumen Technologies,#78909C
Marathon Digital Holdings,#78909C
Markley Group,#78909C
Merrill Lynch,#78909C
Meta,#0866FF
Microsoft,#00A4EF
MineOne,#78909C
NTT,#78909C
Netrality,#78909C
News-Press & Gazette Company,#78909C
Ntirety,#78909C
Oak Ridge National Laboratory,#78909C
Oppidan,#78909C
Oregon Health & Science University,#78909C
Oso Grande,#78909C
PSE&G,#78909C
Phillips Exeter Academy,#78909C
PowerHouse,#78909C
Prime,#78909C
Quality Technology Services,#78909C
Quicken Loans,#78909C
Rackspace,#78909C
SAP,#78909C
SONM,#78909C
SV Colo,#78909C
Sabey,#78909C
Sandia National Laboratories,#78909C
Serverfarm,#78909C
Skybox,#78909C
Stack Infrastructure,#78909C
State of Montana,#78909C
State of Oregon,#78909C
Stayton Cooperative Telephone Company,#78909C
Stream,#78909C
Switch,#78909C
Syracuse University,#78909C
T5 Data Centers,#78909C
TPx Communications,#78909C
Telehouse,#78909C
The Church of Jesus Christ of Latter-day Saints,#78909C
TierPoint,#78909C
Tishman,#78909C
Travelers Insurance,#78909C
True North Data Solutions,#78909C
UChicago Argonne LLC,#78909C
UNM,#78909C
US Bitcoin,#78909C
US Signal,#78909C
Union Pacific Railroad,#78909C
United States Postal Service,#78909C
Unity Cable System,#78909C
University Corporation for Atmospheric Research,#78909C
University of Florida,#78909C
University of New Hampshire,#78909C
VISA,#78909C
Valero,#78909C
Vantage,#78909C
Verizon,#78909C
WE Energies,#78909C
Walmart,#78909C
Washington University in St. Louis,#78909C
West Wisconsin Telcom,#78909C
XO,#78909C
Yahoo,#78909C
Yosemite Community College District,#78909C
bigbyte.cc,#78909C
bt,#78909C
datasite,#78909C
fifteenfortyseven Critical Systems Realty,#78909C
nyse,#78909C
xAI,#000000
