file,permit_no,sha256,bytes,document_url,parse_status
11541-3.pdf,11541-3,2312a0c56485c89fa02c6224ca89698f1a2a09a168575173fe5a98ab4b255b68,291330,https://www.deq.virginia.gov/home/showpublisheddocument/25638/639251514356230000,needs_equipment_review
11790_DC_Permit.pdf,11790-1,669aeb79d408fd2441aa752745d36a9ed7a0438ee4ec00f87d2a573f51270513,489353,https://www.deq.virginia.gov/home/showpublisheddocument/25640/638627840699300000,needs_equipment_review
2152707_DC_TV_Permit.pdf,21527-7,60e37219628486e463ae225ff81d63f88f06d6bdc736d7bb209ad83ca336ed2a,522421,https://www.deq.virginia.gov/home/showpublisheddocument/25642/638627842668970000,needs_equipment_review
2152715_DC_Permit.pdf,21527-15,2c24830ce83836adb5b8114974b8e55e35495fa130cdd1adf96298aae5d9c85a,443012,https://www.deq.virginia.gov/home/showpublisheddocument/25644/638627844150500000,parsed
3014202_DC_Permit.pdf,30142-3,0d976edef6c620d4cbf1540c159b08fec2f32b2064ee91c4cc491a9f95596078,657905,https://www.deq.virginia.gov/home/showpublisheddocument/25646/638754663915730000,needs_equipment_review
41064_DC_Permit.pdf,41064-8,51d03a34c4603e9d751898072487752f650e55d918bb16c99102ac735ed83dc6,1112515,https://www.deq.virginia.gov/home/showpublisheddocument/25648/638627869907800000,parsed
51232_DC_Permit.pdf,51232-16,8b2c922ca89f0e8f7441690a7d5d19f9ea3f3d70208ecf74d3d84cbbbc86d9bc,250008,https://www.deq.virginia.gov/home/showpublisheddocument/25650/638627871515730000,needs_equipment_review
52173_DC_Permit.pdf,,375d01fcbf7b6cd3b0e92b602b68181004e7547dbc89f037490fd72caba457a1,1844509,,unreadable
522219_DC_Permit.pdf,52221-9,21ce692510018a3645029edb584c846fc391fa0bdf3026c8c007758647191407,270260,https://www.deq.virginia.gov/home/showpublisheddocument/35475/639105417626400000,needs_equipment_review
52281_DC_Permit.pdf,52281-10,7da3c43369e336af52307057493d17c27df18a05458eb0f932ae14e57f66ae84,607840,https://www.deq.virginia.gov/home/showpublisheddocument/25654/639080659420930000,needs_equipment_review
52299_DC_Permit.pdf,,69616a739d1662642e7824c4088fe71aa498338325db7a82d73c3d52102686a7,409531,,needs_document_identification
52403_DC_Permit.pdf,52403-9,002483b1deecb8086d6e0cb9512487470d7d63d0e9f3654b06c78c74ea613840,229228,https://www.deq.virginia.gov/home/showpublisheddocument/33144/639052996294330000,parsed
524326_DC_Permit.pdf,52432-6,63e0dfed23b2c63601b51dc71e1ed37f9ca08cde8da0bb05983c7e98d43671d9,400975,https://www.deq.virginia.gov/home/showpublisheddocument/25658/639123668249470000,needs_equipment_review
52629_DC_Permit.pdf,,220ffa0d6d1da03c8865a7a2f7cceb74ed6a69fa5968e72eb2c3328c8f11ab9d,1172330,,needs_document_identification
52820_DC_Permit.pdf,52820-3,2c34fa752df20b48c8542da7809aa06382568565c33541200f008ab2c98eae9f,369925,https://www.deq.virginia.gov/home/showpublisheddocument/25662/638627893416770000,parsed
52903_DC_Permit.pdf,52903-4,a22d3676f8fe4eb5ef67b54c39665475262ad5f68458c1235ad4a9a5b0dda163,379069,https://www.deq.virginia.gov/home/showpublisheddocument/25664/638627894486630000,parsed
52949_DC_Permit.pdf,52949-2,45516e802c2f848b5ce5c84fed3f9ba01f71dc80910d0b30aafb67bb5cc0e522,484755,https://www.deq.virginia.gov/home/showpublisheddocument/25666/638627906559800000,needs_equipment_review
52973_DC_Permit.pdf,52973-2,402ef00610164538a00b2475f4716f8d5708bb4c0cd8c57977da75517195a9e2,838657,https://www.deq.virginia.gov/home/showpublisheddocument/25668/638990809945670000,needs_equipment_review
53071_DC_Permit.pdf,53071-1,0dbda5439d4c4984c260ce3ae0732c29b4795260bf9216ed8b8c284547a8560e,375333,https://www.deq.virginia.gov/home/showpublisheddocument/25670/638627918390000000,parsed
53072_DC_Permit.pdf,53072-1,82d48c71e32b06bb9c60b9a9f6f612e34da69bda39e9bfc7fcc810611659868a,366982,https://www.deq.virginia.gov/home/showpublisheddocument/25672/638627920046200000,parsed
53086_DC_Permit.pdf,53086-2,5c53d9aef122d9500a1ccf6ceb981052cd68de9d0e8e2213c667802749a22293,164615,https://www.deq.virginia.gov/home/showpublisheddocument/25674/638810119570570000,parsed
531972_DC_Permit.pdf,53197-2,dc0a5afff595e7741ef7f7c0d5f5e241488a8b1e0c99b0c8aac53cee9881f9ce,232863,https://www.deq.virginia.gov/home/showpublisheddocument/37601/639207454970370000,needs_equipment_review
53198_DC_Permit.pdf,53198-1,d3a58a847e2c7e1c90addf24910372326afa7bbd370237a13a6896d18e749973,379241,https://www.deq.virginia.gov/home/showpublisheddocument/28826/638816888168930000,parsed
5325901_DC_Permit.pdf,53259-1,d05e712d39f0c50fa69756951a1b65ccfe62bc44f814092f25f38abf123a3822,289134,https://www.deq.virginia.gov/home/showpublisheddocument/35705/639128999105270000,needs_equipment_review
5326601_DC_Permit.pdf,53266-1,9455e4c75ddc0f6daa464ae61cb73cd3f3cd27739d5a6e8829ee543b738d116d,732151,https://www.deq.virginia.gov/home/showpublisheddocument/36251/639149773966430000,needs_equipment_review
60353_DC_Permit.pdf,60353-5,695986767716dece5a992438d13ed4fd14e42d9a4164e75c9ed62c434f8fb918,523157,https://www.deq.virginia.gov/home/showpublisheddocument/25680/638628502816630000,needs_equipment_review
7180403_DC_Permit.pdf,71804-3,1139c632d4f27a126bcc2836ed0c29fc82c4797cc14b1832ea78e89c784575db,412115,https://www.deq.virginia.gov/home/showpublisheddocument/25684/638628506835400000,needs_equipment_review
7180404_DC_Permit.pdf,71804-4,f0cc6bc653b53724e7001714c4ff42e74a61b63648d89deaa7721e2b693feedb,659703,https://www.deq.virginia.gov/home/showpublisheddocument/25686/638628507317470000,parsed
72296_DC_Permit.pdf,72296-5,8e141b4756ffce63ef51ed464f6906cfc210fe23c3c2a008eeb477524671b2c3,673657,https://www.deq.virginia.gov/home/showpublisheddocument/25688/638628511407530000,needs_equipment_review
72367_DC_Permit.pdf,72367-4,0f9cf73ded1bec1dc8d92098bf22465f72790287ece8f8822089c663c88590d8,575804,https://www.deq.virginia.gov/home/showpublisheddocument/26107/638639799345030000,needs_equipment_review
72368_DC_Permit.pdf,72368-4,7bd2d3bb4b30963322ea69f087a7c4ce9a3b570fd9fbd560dc8162f8ab15f868,760765,https://www.deq.virginia.gov/home/showpublisheddocument/26109/638639800441670000,parsed
72374_DC_Permit.pdf,72374-4,e661d63724c018fd2afa136e0fff833e410c45837eec7097bd75bbdcf3e87a90,440032,https://www.deq.virginia.gov/home/showpublisheddocument/26111/638639801563130000,needs_equipment_review
723759_DC_Permit.pdf,72375-9,e20c92bb17f38f0398494556de30f2290f3537ee6138a9e229ab20c9615fd8fc,561629,https://www.deq.virginia.gov/home/showpublisheddocument/35474/639105417624930000,parsed
73158_DC_Permit.pdf,73158-3,d2a150b71847af50126dfae6f0e826bdcbd3a582e6251f76d6a6c2a17b47334d,408737,https://www.deq.virginia.gov/home/showpublisheddocument/25694/638628516862330000,needs_equipment_review
73160_DC_Permit.pdf,73160-6,077bbfbe51e22b3d6e9d099e6893ff1aaa681e907fb1e3c306e38d8f302dc55f,994381,https://www.deq.virginia.gov/home/showpublisheddocument/25696/638628517902900000,needs_equipment_review
73162_DC_Permit.pdf,73162-3,b5366f2b4977f45d8d49ef38091f1876f8b8e8fdd296cce8d5aa3f6e621e622b,523012,https://www.deq.virginia.gov/home/showpublisheddocument/26115/638639803959100000,parsed
73170_DC_Permit.pdf,73170-1,ac23eab61937c0cd9ff821a7a0ff67336b602052a6eaa2326cd1f514caa3af51,79958,https://www.deq.virginia.gov/home/showpublisheddocument/25698/638628519198400000,needs_equipment_review
73180_DC_Permit.pdf,73180-4,b266f0edec0107276dbae54ad519553589b3e3199be12628065edd768ccc4008,1059041,https://www.deq.virginia.gov/home/showpublisheddocument/26117/638639805143900000,needs_equipment_review
73199_DC_Permit.pdf,73199-3,6930efec619cd99d1d3983123b9dc876c8369eb3dd7113ac92d6c5a14d708336,735544,https://www.deq.virginia.gov/home/showpublisheddocument/25700/638628520305900000,needs_equipment_review
7320002_DC_Permit.pdf,73200-2,bc8a237fa5f8cd7719919dbf1a669f577d98ea12d77d1784db560160af048ac7,538976,https://www.deq.virginia.gov/home/showpublisheddocument/25702/638628522004500000,needs_equipment_review
7320003_DC_Permit.pdf,73200-3,d05afe53fc41cd8701e6a16629eca4191ac6d2ec92c5d1d251e8280eb435d934,117410,https://www.deq.virginia.gov/home/showpublisheddocument/25704/638628522430330000,needs_equipment_review
73230_DC_Permit.pdf,73230-2,9d5cc1fcd6b3cbc03c12ac68bae2b6c3493e988d4837e2440b7770a6f722bda0,539630,https://www.deq.virginia.gov/home/showpublisheddocument/25706/638628524505270000,parsed
73233_DC_Permit.pdf,73233-8,4decf9c316af85cf260e7ca3c2d3752f37476665977942e063a87f102d62fbd9,333948,https://www.deq.virginia.gov/home/showpublisheddocument/25708/638628525678670000,needs_equipment_review
73240_DC_Permit.pdf,,c75daadf41338652939ada39bfc4aa3a00615ba7d491d5a58ce32ba02471054d,286404,,needs_document_identification
73293_DC_Permit.pdf,73293-2,df72136d9854cc3eb086ed579670bdec16680a89105d4c9aa294ca3d54bb44ef,591532,https://www.deq.virginia.gov/home/showpublisheddocument/25710/638628529262630000,parsed
73294_DC_Permit.pdf,73294-16,d4ab8b501653343657e7aed00019253a304ff3758017bc153a0b1ceeb7a82390,336653,https://www.deq.virginia.gov/home/showpublisheddocument/25712/638651993618500000,parsed
73341_DC_Permit.pdf,73341-2,4e47d71b758e2d5c4392569f345b15fe2048cbe112fe46479ea0a2df5755fbbe,542130,https://www.deq.virginia.gov/home/showpublisheddocument/25716/638628533707970000,parsed
73355_DC_Permit.pdf,73355-21,6463b5342d35940d29c5b3ab68fd2416972221c075abce9b8cca9a89885fc8d4,322034,https://www.deq.virginia.gov/home/showpublisheddocument/25718/638833284719930000,parsed
73363_DC_Permit.pdf,73363-2,2bbc2ce953e3852b0bc59b20e4568f2935e40d7cd50886998a56f1fe185725ba,519534,https://www.deq.virginia.gov/home/showpublisheddocument/25720/638628535905830000,needs_equipment_review
733693_DC_Permit.pdf,73369-3,fc750ed261188f6f614322ab7749e9ef1e194402281bd374f4d0fb83d5a1a220,964459,https://www.deq.virginia.gov/home/showpublisheddocument/35473/639105417623670000,needs_equipment_review
7337012_DC_Permit.pdf,73370-12,446d2a4e4d4bf2279a90aafb1a45f9188dab5240f08440f75013f83e479cb924,3484786,https://www.deq.virginia.gov/home/showpublisheddocument/25724/638628554884570000,parsed
7337015_DC_Permit.pdf,73370-15,c6c0c116db3192d19be5cb541a35d532b1daa7e95a7c4edd0980fc0d8dfa713e,1071018,https://www.deq.virginia.gov/home/showpublisheddocument/25726/638628555336170000,needs_equipment_review
7337016_DC_Permit.pdf,73370-16,3b5b0e1b44362b3e207bd3c54f93ee832d107ae4f0d435d02011172fa0e488db,1112750,https://www.deq.virginia.gov/home/showpublisheddocument/25728/638628555765770000,needs_equipment_review
73567_DC_Permit.pdf,73567-1,db8c03315cf646c214db3fc75d7b78c5597477be7043be211c49289260507020,506185,https://www.deq.virginia.gov/home/showpublisheddocument/25731/638628562585630000,needs_equipment_review
7364301_DC_Permit.pdf,73643-1,9a383d60bf5cf6fee1a6679d9ac8c72915bdebd7779c4b440209854c1d4a25f1,1117886,https://www.deq.virginia.gov/home/showpublisheddocument/25736/638628566270800000,needs_equipment_review
7364303_DC_Permit.pdf,73643-3,70ad6f6231aeacbd464ebf1b0f1e72da00079efb6851f9e361db78c4d6fd960c,1258344,https://www.deq.virginia.gov/home/showpublisheddocument/25738/638628566681670000,needs_equipment_review
7364304_DC_Permit.pdf,73643-4,55fb6d59cc63e5d70364e4dc9b9026c4d180d0f9a0036a31a769115d1d4ee0c3,273957,https://www.deq.virginia.gov/home/showpublisheddocument/25740/638628567068870000,needs_equipment_review
7364305_DC_Permit.pdf,73643-5,1a0fdd61bbfc4e08688d869cc74f9ec20979a5ee637ea92cc99d4be9c74c0741,63558,https://www.deq.virginia.gov/home/showpublisheddocument/25742/638628567408370000,needs_equipment_review
7367012_DC_Permit.pdf,,914ade84bf86bc88239ffbe70fa75f774a89f9bfedaea1ca8ee5ef942671270a,1191678,,needs_document_identification
7367014_DC_Permit.pdf,73670-14,c633ad0de26cc792eedc76e3296e0dfe2d6d5f2d6a828ed53577430f8d690430,893667,https://www.deq.virginia.gov/home/showpublisheddocument/25746/638778906125130000,needs_equipment_review
73683_DC_Permit.pdf,73683-12,1a7d77d4029626c019e1011a504c47501f0efe1ddae51319c20300e6a3f04ae2,587140,https://www.deq.virginia.gov/home/showpublisheddocument/25752/638628571437070000,parsed
7371701_DC_Permit.pdf,73717-1,8f3ff5b6b97b2a838338d1c9cd41cfa357ca2fbb34b930fc004e5037f1a64dcd,819379,https://www.deq.virginia.gov/home/showpublisheddocument/25754/638628573243030000,parsed
7371703_DC_Permit.pdf,73717-3,a06fbb39d925fb4fafa35f2cae80e3e9a49091f01c4d01b361e7a1c5ff745146,988483,https://www.deq.virginia.gov/home/showpublisheddocument/25756/638628573682400000,needs_equipment_review
7374123_DC_Permit.pdf,73741-23,6f0e399232c6af95cc0b130d2ed4d2ca555694e6c50242da854733b95effa2d4,921793,https://www.deq.virginia.gov/home/showpublisheddocument/35472/639105417622300000,parsed
73743_DC_Permit.pdf,73743-7,1d2dcf0a0baf62de2d64a4e812fe5399a8dca5b6ab5bba488199f58586ac665a,420070,https://www.deq.virginia.gov/home/showpublisheddocument/25760/638900633355070000,parsed
73757_DC_Permit.pdf,73757-6,d37bbe0d39ee949f152971fce7dc854d74e1e743638f39f2295a7446a1a1b68e,262138,https://www.deq.virginia.gov/home/showpublisheddocument/25762/638628579005200000,needs_equipment_review
73798_DC_Permit.pdf,,a9e58c500567159d548aaf2ccb4f8de0a3d488d0a36a7734154a78b108342daf,522093,,needs_document_identification
73809_DC_Permit.pdf,73809-1,eb8749c3b4aded3c6cdf818ba57e141d2f034d0005c6bbf1555e503adf3b2b9b,686993,https://www.deq.virginia.gov/home/showpublisheddocument/26119/638639806328030000,parsed
73813_DC_Permit.pdf,73813-1,955c84736975aaffece9440919584a85d62b777979d6d4be85cdf716c1be1901,749111,https://www.deq.virginia.gov/home/showpublisheddocument/25770/638628584702270000,needs_equipment_review
73823_DC_Permit.pdf,73823-2,53ce474c5952464973c70ade64e89280d015df6d613527c6f451f8034fc52f1d,792435,https://www.deq.virginia.gov/home/showpublisheddocument/25772/638628585470870000,parsed
73853_DC_Permit.pdf,73853-13,9826fd6823584c21d395eebd28400ffabc1225de71c9ca817ccb9ecaa73474bd,309900,https://www.deq.virginia.gov/home/showpublisheddocument/25624/638627824035800000,needs_equipment_review
73860_DC_Permit.pdf,73860-16,a6a743c14382cf11c8f4cb61d327c027f0dcea5a49a3b252a004ba8e4e5b5cf5,586628,https://www.deq.virginia.gov/home/showpublisheddocument/25774/638741931683300000,needs_equipment_review
73868_DC_Permit.pdf,73868-1,b45a346933fdeef163e9cdc83734283482c2e10625e0a72e0cae6dd04d7dc482,595645,https://www.deq.virginia.gov/home/showpublisheddocument/25776/638628598977470000,parsed
73935_DC_Permit.pdf,73935-7,9454055ffc5447760d642c45401cdb48a99230f4e8882516790a5a2a4762a4f7,327777,https://www.deq.virginia.gov/home/showpublisheddocument/25781/638693434893870000,needs_equipment_review
7394606_DC_Permit.pdf,73946-6,152f0fd333f6c5fc7d32eab9198535e9f01ea723d4810867b6707b21aeae54b3,435726,https://www.deq.virginia.gov/home/showpublisheddocument/26024/638634505784000000,parsed
73954_DC_Permit.pdf,,e841fac6c925b6919d34a0796654cbfbb58822924f6f59ebc3848e1a0715d10e,774127,,needs_document_identification
7397701_DC_Permit.pdf,73977-1,75e0c386e6286595d3dff3142cbb54ba01f5b8d8ad447e93e4413ade9273e24e,747381,https://www.deq.virginia.gov/home/showpublisheddocument/25791/638628696383770000,needs_equipment_review
7397702_DC_Permit.pdf,73977-2,fd9d712616b3fa33b4c1410387896174d6c2f9c5efe243eceb5d8c5d51eaccb9,257931,https://www.deq.virginia.gov/home/showpublisheddocument/25793/638628697085200000,needs_equipment_review
73995_DC_Permit.pdf,73995-5,8aae16e0af4a3d4765712cf304d8c8ac920187933e6c36e8549f08ea1558a996,815111,https://www.deq.virginia.gov/home/showpublisheddocument/25795/638628698040000000,needs_equipment_review
74049_DC_Permit.pdf,74049-9,da024e7f75cd9e5d799ce763509442788b36ba3f198341125f0df21c631e2f76,275389,https://www.deq.virginia.gov/home/showpublisheddocument/25797/638990809948170000,parsed
74052_DC_Permit.pdf,74052-9,b482019dc41f64d8b524b431472c43fa8b7eda2997fc6669b651c1a99c34cc7d,255961,https://www.deq.virginia.gov/home/showpublisheddocument/25801/638628713136870000,parsed
74060_DC_Permit.pdf,74060-2,89c7a046b83bf08b8680bbf10cebdb13add64a904a484dbc4abbb541caa3bbe1,436238,https://www.deq.virginia.gov/home/showpublisheddocument/25803/638628717903300000,needs_equipment_review
740635_DC_Permit.pdf,74063-5,936540d71e7a4a2b2a2a4e5e8256f1641c4c5e22fa0259303a86aa758048cb77,586604,https://www.deq.virginia.gov/home/showpublisheddocument/37289/639195462842100000,parsed
74064_DC_Permit.pdf,74064-1,04ccf4347347b111bfb24481ac54a90ce73730ab8d7063cdc2824b630735dd23,604041,https://www.deq.virginia.gov/home/showpublisheddocument/25807/638628718881430000,needs_equipment_review
74079_DC_Permit.pdf,,52161d60ff292f412a42f290deba4279135088f94f1656cc528c611fd608d10d,509208,,needs_document_identification
74080_DC_Permit.pdf,74080-8,c73ba7889c15b27582b00bbdba401cc282411a69c349ceab8b1af2fc383979a6,1023722,https://www.deq.virginia.gov/home/showpublisheddocument/25813/638731342312730000,parsed
74081_DC_Permit.pdf,74081-4,5761fd7db96fd2b39ce10342b0c2df7f1ccdf9e9865a1d54b55b64226bf3a1be,159221,https://www.deq.virginia.gov/home/showpublisheddocument/25815/638628727334530000,parsed
74085_DC_Permit.pdf,74085-5,852aef7d2aa7b5217374c508eca57c142d0c32c9fe33fba41c47e6c0042b2785,374129,https://www.deq.virginia.gov/home/showpublisheddocument/25817/638628727920470000,needs_equipment_review
74086_DC_Permit.pdf,74086-3,bcd8de80c4fa4318df42b3e986c6d027c53e041b3a050cbf641a445fc0e16398,949218,https://www.deq.virginia.gov/home/showpublisheddocument/25819/638628728324170000,parsed
74094_DC_Permit.pdf,74094-1,c4e484a3e45050261ce8a510d4766602129da01665f569b34be644aab5afdde3,1037502,https://www.deq.virginia.gov/home/showpublisheddocument/25821/638628728843130000,parsed
74107_DC_Permit.pdf,74107-6,0222bb87b7c8c4aa326875d741eef79fe5abce317625e8a53ccd1da6868e22b0,418091,https://www.deq.virginia.gov/home/showpublisheddocument/25823/638628737610070000,needs_equipment_review
74109_DC_Permit.pdf,74109-2,175a1fea80a704b5559933eedb09e8858bd11c5a619dd479a5aa16302090d5e2,784445,https://www.deq.virginia.gov/home/showpublisheddocument/25825/638628738275030000,needs_equipment_review
741125_DC_Permit.pdf,74112-5,d6f29e4e1300bf1c5bb34c7d5102f2043f1329fe5da3d3a254c22d951f986069,696212,https://www.deq.virginia.gov/home/showpublisheddocument/25827/639123668253970000,parsed
74114_DC_Permit.pdf,74114-3,07b0af5e40829eb8e4d962f294e5d6f316946e76df9c6fa95cf08b246c663d04,694974,https://www.deq.virginia.gov/home/showpublisheddocument/25829/638628740274670000,needs_equipment_review
74115_DC_Permit.pdf,74115-4,6f40787221c10345083942f83367a5f32228395fdd3d028180c7568785f4b70a,291313,https://www.deq.virginia.gov/home/showpublisheddocument/25831/638652055141070000,parsed
741183_DC_Permit.pdf,74118-3,30a06d32f7ba9953383a6c7597ddf6640a252a84117275c32a8f08a42956768c,551701,https://www.deq.virginia.gov/home/showpublisheddocument/36250/639149773963870000,parsed
74120_DC_Permit.pdf,74120-7,2842833c51dfe81fef6ef1ac286ea31445826cb9be5285a5621fd8c99fee727a,294492,https://www.deq.virginia.gov/home/showpublisheddocument/25835/638880859260730000,parsed
74121_DC_Permit.pdf,74121-2,5fe8fd6fe76240a2f9a44666ecb7bf66f6cb1a8f430abbc02d180bc55c8b1834,162451,https://www.deq.virginia.gov/home/showpublisheddocument/25837/638669942387830000,parsed
74126_DC_Permit.pdf,74126-4,b8a4f66ea4620c65b2d16fe255fe739995a927f5390852ac511bcd2ede0de65e,350627,https://www.deq.virginia.gov/home/showpublisheddocument/25839/638628759087230000,parsed
741273_DC_Permit.pdf,74127-3,921bc2eee51bbdc392f5b5b494a86470b68bc8b1f8a30fc1e73ec2d3697357e9,349024,https://www.deq.virginia.gov/home/showpublisheddocument/35471/639105417621030000,parsed
74129_DC_Permit.pdf,74129-3,2990c780d9e53c2672830a93f95665b3ffe22b4aefbbcb08e4e1baabfcd5793a,370207,https://www.deq.virginia.gov/home/showpublisheddocument/25843/638628762496730000,parsed
74130_DC_Permit.pdf,74130-2,4311da69b0e05f041e32581edf4222ac5050cd15f13b9077b6b17d47f1807dc1,368776,https://www.deq.virginia.gov/home/showpublisheddocument/25845/638628763112700000,needs_equipment_review
74141_DC_Permit.pdf,74141-3,eb93c7b505bf198b715be31dad9878b0499d7b827faf9baeab4281dbf8b2700e,185136,https://www.deq.virginia.gov/home/showpublisheddocument/25847/638852257938270000,parsed
74147_DC_Permit.pdf,74147-1,4f0de3afc610662d2cdb37b03100f7c05a63a5e29c9e44dab27b1ff492b8dd3b,565771,https://www.deq.virginia.gov/home/showpublisheddocument/25849/638628764147670000,parsed
741503_DC_Permit.pdf,74150-3,694e956dfcd52196bf0aa848f9e4d59c1e2f8c90e922a025e47413765abb2f8e,387414,https://www.deq.virginia.gov/home/showpublisheddocument/25628/639213635757530000,parsed
74152_DC_Permit.pdf,74152-5,8261fb76d239e851bdfe95149b52edb6670552c26d779f61c7be0bb84f30b186,228535,https://www.deq.virginia.gov/home/showpublisheddocument/25851/638628778348300000,parsed
74153_DC_Permit.pdf,74153-3,971afffa13c9d8b15c1b391506903a7d181e154318f82aab4408b30a633a04a2,278209,https://www.deq.virginia.gov/home/showpublisheddocument/25853/638628778970430000,parsed
741545_DC_Permit.pdf,74154-5,a1e42fa2485bd4578245c2e870f0ec4168851123a24b8e26960b755f4a280a13,543542,https://www.deq.virginia.gov/home/showpublisheddocument/35470/639105417619770000,parsed
74155_DC_Permit.pdf,74155-4,912c5e46a7cc5a3586b3a485fcaaa9e949743700820f422852445095615edddb,178261,https://www.deq.virginia.gov/home/showpublisheddocument/25855/638754663567370000,parsed
74156_DC_Permit.pdf,,ea531e0dfa3de45f6fcc3df71b8bbc711a1a7540466ea6431cfcc178cad78664,985573,,needs_document_identification
741603_DC_Permit.pdf,74160-3,6d5047229ae87ca1e45369e31277032ed80512d061ffd9b0c8fc25e93298bb5e,664000,https://www.deq.virginia.gov/home/showpublisheddocument/35469/639105417618500000,parsed
741615_DC_Permit.pdf,74161-5,4e95088ccb6a5051da8a09d089db844e81644bbc372e98ccd3dc0e64466d371d,363891,https://www.deq.virginia.gov/home/showpublisheddocument/35468/639105417617070000,needs_equipment_review
74162_DC_Permit.pdf,74162-5,cc3255c4d576b24ecbab77d4c100996d13a9e6887a363b8f1d9caa627f3140d0,471279,https://www.deq.virginia.gov/home/showpublisheddocument/25863/638628785479200000,parsed
74163_DC_Permit.pdf,74163-9,d82aeb0f03b0108b75e2880e30e114201c7af0af5c1c3e8d4106d8bb01e22548,386461,https://www.deq.virginia.gov/home/showpublisheddocument/25865/638816888857770000,parsed
74164_DC_Permit.pdf,74164-3,d30e56f9f840392c0db3a83945ad4da0d990b932d880608f7377a15e6c190969,238490,https://www.deq.virginia.gov/home/showpublisheddocument/25867/638628786473030000,parsed
74167_DC_Permit.pdf,74167-5,22f7337e759d587ae502efeb9efe11d8a6adf4206b9922df7c51dfab3a52dfc7,379596,https://www.deq.virginia.gov/home/showpublisheddocument/25869/638628786895530000,parsed
74169_DC_Permit.pdf,74169-2,641777eba2023e18897eef2c8bec205551b3482c0a8fa0833c911b68b71787fa,428236,https://www.deq.virginia.gov/home/showpublisheddocument/25926/638633793013470000,needs_equipment_review
74170_DC_Permit.pdf,74170-3,5545828e011ede665efea374078ce6d9e54a3369e50491827dd5190de3e8b89f,444101,https://www.deq.virginia.gov/home/showpublisheddocument/25928/638905045800170000,parsed
741714_DC_Permit.pdf,74171-4,fbc1567c80f627924ed2d8ddbd1f7aad13f52389f0c899d4e153d171774c0602,720525,https://www.deq.virginia.gov/home/showpublisheddocument/36912/639177380199170000,parsed
74172_DC_Permit.pdf,74172-3,eb2b5c8bcf7dcf19df3cb25c1c68eb427762a83ef8325ba8c1edcd3d2cb5ba7b,205148,https://www.deq.virginia.gov/home/showpublisheddocument/25932/638633798982670000,parsed
741736_DC_Permit.pdf,74173-6,09b74dade1509bb9b23175eea47c882c327261fac31cf21db58a3c560d9f66da,437036,https://www.deq.virginia.gov/home/showpublisheddocument/32405/638989963116500000,needs_equipment_review
74174_DC_Permit.pdf,,d828a880ec3cec487520b8b5eda7333d5187b1a487b77f3abdc48668bf217a6c,1103120,,needs_document_identification
74181_DC_Permit.pdf,74181-1,5ccf1553e3e6bd58ca89038a0252e6220b439c90c6a0c816f76ff11654863ea3,1241908,https://www.deq.virginia.gov/home/showpublisheddocument/25938/638633845487370000,needs_equipment_review
74184_DC_Permit.pdf,74184-4,02b9cba65d8db07b4e65c504210ed4f2be93ba265e0e59d81280a288ac553b3b,386231,https://www.deq.virginia.gov/home/showpublisheddocument/25940/638633845946570000,parsed
741895_DC_Permit.pdf,74189-5,2f6bf7eb8e88ddd16462645d6d473943221e35dcc3e8713b83be1d1319366a3e,397817,https://www.deq.virginia.gov/home/showpublisheddocument/32404/638989963114970000,parsed
74190_DC_Permit.pdf,,e44fe15bfbfe5d4947e71c0838ca649ab2161b3cf0462d9c61fd1489973613c1,78091,,needs_document_identification
74197_DC_Permit.pdf,74197-3,1f36adbf1e0ca48f61ef582cee2635641740f185c2aae97aff4fb22ca196cc88,365609,https://www.deq.virginia.gov/home/showpublisheddocument/25948/638633853120600000,parsed
74198_DC_Permit.pdf,74198-3,bdf4ecadaceccb6dcc3a485dab67fd6b33886a035d66651cf26ae765ef119c5d,344509,https://www.deq.virginia.gov/home/showpublisheddocument/25950/638633853758100000,parsed
74201_DC_Permit.pdf,74201-4,2b18872ee84a2816e292b044af006d2e3f6da54591f11f5982aa7da473bdf37a,293374,https://www.deq.virginia.gov/home/showpublisheddocument/25952/638633854222530000,parsed
742054_DC_Permit.pdf,74205-4,1ee71bb0b15e54a2ca354a6896ae18f296233bf5fe15fbe5dc7b47985aa82451,335097,https://www.deq.virginia.gov/home/showpublisheddocument/36911/639177380197900000,parsed
74207_DC_Permit.pdf,74207-3,abda0de6f4beb600c62696d5c7846cdb700dbeee7a0344fc1ea97f1d0ab48f9b,300790,https://www.deq.virginia.gov/home/showpublisheddocument/25956/638633855631770000,parsed
742123_DC_Permit.pdf,74212-3,25799f0381f55af972351fca296564a17ffb8360d6a46eebb9dbfc39a3e85db6,468319,https://www.deq.virginia.gov/home/showpublisheddocument/32403/638989963113270000,needs_equipment_review
74214_DC_Permit.pdf,74214-3,d6c426b936968e7a96d45887a9fb1b3c1d6d0d97f6681f9efbdb2fe3a78920ed,319035,https://www.deq.virginia.gov/home/showpublisheddocument/25960/638633856694070000,parsed
74216_DC_Permit.pdf,74216-4,72db88c58b86562b713615809744187563896bd9c2dbaba99e96b95656ea0d62,371513,https://www.deq.virginia.gov/home/showpublisheddocument/25962/638633857089300000,needs_equipment_review
74220_DC_Permit.pdf,74220-4,b0cffa6bcbaf4aa6a48c2f4e18ed8d2b62ba783c1dfb7e2716ae43ba661829d2,316554,https://www.deq.virginia.gov/home/showpublisheddocument/25630/638771964788470000,parsed
74221_DC_Permit.pdf,74221-4,58db29be5631f63f09c55b05195c9e700d06d8be4513960a9ca96d3b6275d728,772861,https://www.deq.virginia.gov/home/showpublisheddocument/25964/638892954826130000,parsed
74224_DC_Permit.pdf,74224-3,6f2b70443bcab519d66d72691947bb5d0197f28977c2459f178f6eb47a2f1e66,132717,https://www.deq.virginia.gov/home/showpublisheddocument/25966/638633868679100000,parsed
74227_DC_Permit.pdf,74227-2,fb0d652e2226dc874a5be58bd602d38885577a8bc7f9724dd07606e283262009,275770,https://www.deq.virginia.gov/home/showpublisheddocument/25968/638633869100830000,parsed
74232_DC_Permit.pdf,74232-2,e29b3bb53efda9f7cd9140de01480a7536246cb272a8557d326899ce2fe09fa1,283914,https://www.deq.virginia.gov/home/showpublisheddocument/25970/638633869849270000,parsed
742342_DC_Permit.pdf,74234-2,327c789497a335b4bfecf7fc46f214301df105097118394b5c621d71ce943df5,811954,https://www.deq.virginia.gov/home/showpublisheddocument/32402/638989963111870000,parsed
74235_DC_Permit.pdf,74235-2,65cc0f4bd4fffc43611557c62104abbc3e24901eb411c1be9aa8f508986b2c2e,146865,https://www.deq.virginia.gov/home/showpublisheddocument/25974/638889504246870000,parsed
74236_DC_Permit.pdf,74236-1,56a28a0ae0c4ef15bb7ee10ff59063d68111eeb5797e4536a063fb4311db8617,266157,https://www.deq.virginia.gov/home/showpublisheddocument/25976/638633871882970000,parsed
74237_DC_Permit.pdf,74237-1,caba58c05b8acf15e2a1db454677019d798ce85a21729f8aef2feb890e71e2fb,250394,https://www.deq.virginia.gov/home/showpublisheddocument/25978/638633872515870000,parsed
742392_DC_Permit.pdf,74239-2,79d01e46012d90fa48c63db355156d0041298e015c763b15c410189b7e101cc4,311259,https://www.deq.virginia.gov/home/showpublisheddocument/25980/639213635756000000,needs_equipment_review
74240_DC_Permit.pdf,74240-3,eb64454fc6899b27152c1400938b64297f7917c8e547d15251fbc6077c1381d3,298278,https://www.deq.virginia.gov/home/showpublisheddocument/25982/638633874160100000,parsed
742414_DC_Permit.pdf,74241-4,c8fae0dc0be5c07004118b8eb698e556419b6267b71d5828ed1ac2bcdd35d35d,850810,https://www.deq.virginia.gov/home/showpublisheddocument/35467/639213635754630000,parsed
74242_DC_Permit.pdf,74242-2,d8d8738d431e80cc5dacac5767bb91d070b60bd374f161c642b7001a8ef9ee04,332048,https://www.deq.virginia.gov/home/showpublisheddocument/25986/638633875365530000,parsed
74244_DC_Permit.pdf,74244-2,808a764ad5440367d377299b66bbe1ca286c4dbdaa23cde4de6ed7224952d015,277719,https://www.deq.virginia.gov/home/showpublisheddocument/25632/638627832777030000,parsed
74246_DC_Permit.pdf,74246-2,7c1e3c8ec35ac4f5263219a2b0c24101b6e09f62b606b4f49010fe065d6718a9,492217,https://www.deq.virginia.gov/home/showpublisheddocument/25990/638990809950170000,parsed
74247_DC_Permit.pdf,74247-1,99fd398d5eef2a48f67d644068f8186f5c9f4d6a264bb25c53655f84dc0cfbd8,249706,https://www.deq.virginia.gov/home/showpublisheddocument/25992/638633943624630000,needs_equipment_review
74250_DC_Permit.pdf,74250-2,487e133074f0798be4443a8abdb44285b085fdd307a40e53e9ab346c9e7a65b5,372200,https://www.deq.virginia.gov/home/showpublisheddocument/25994/638864455362300000,parsed
74252_DC_Permit.pdf,74252-2,a289c46d5eada8d13ca4c26e99293d12ba885978aa5d86c3eab1a29a19066815,761957,https://www.deq.virginia.gov/home/showpublisheddocument/25996/639123668256400000,parsed
742602_DC_Permit.pdf,74260-2,3060a1865aebf19c33b28fe7f3175e36ac809881c27596cf3e2c0fa84f525b33,717598,https://www.deq.virginia.gov/home/showpublisheddocument/25998/639123668251800000,parsed
742624_DC_Permit.pdf,74262-4,c3ee857fec8c29e54f26c541edda9f7b7c76fe46147aee97b2ba104efd80eebf,753749,https://www.deq.virginia.gov/home/showpublisheddocument/37093/639185072674230000,needs_equipment_review
74264_DC_Permit.pdf,74264-2,17c9fe12b59053814468c3ce315c597998f78dcac7f91e83d8fbc122d6aa218e,299307,https://www.deq.virginia.gov/home/showpublisheddocument/25636/638627836175800000,needs_equipment_review
742653_DC_Permit.pdf,,85c8208d9b57d6794240f29f3c106bf2db63518608e6470896ea01e4ae61cc7c,1329852,,needs_document_identification
742692_DC_Permit.pdf,,3e824a7ca46602eace17289b9181f4b10808f481b8350c79563077b343cbd1c5,683610,,needs_document_identification
74270_DC_Permit.pdf,74270-1,4a039f9e7a524b550885409ab5e7fab8315e6ea1dddad8405de2c1998f19fc7e,124762,https://www.deq.virginia.gov/home/showpublisheddocument/26004/638633955502300000,parsed
74272_DC_Permit.pdf,74272-1,6f6ecb482ad6972ae8d775af3e00d3fba64383188499d7903986f80121fba03c,124703,https://www.deq.virginia.gov/home/showpublisheddocument/26006/638633955909770000,parsed
74273_DC_Permit.pdf,74273-1,6550a9a9daf88cddce0046062d6c7914b68c040fafd16047d8136a55ddcf2dd2,282115,https://www.deq.virginia.gov/home/showpublisheddocument/26008/638633956319870000,parsed
74274_DC_Permit.pdf,74274-1,518281b7e67179d6d62d419ab8123aa701d988f101d25fd7e25b0cda0d6e2fe1,232037,https://www.deq.virginia.gov/home/showpublisheddocument/26010/638633959051770000,parsed
74276_DC_Permit.pdf,74276-1,2ecb2a6db023e981e4cffcbc8a8e9f7272481f0313379c20de5b4a0f5da5385c,235105,https://www.deq.virginia.gov/home/showpublisheddocument/26012/638633959746100000,needs_equipment_review
74277_DC_Permit.pdf,74277-2,d9d5922578574e500dfd109ed2dee736717a32a43ad5947ce6727950cca9eea8,320242,https://www.deq.virginia.gov/home/showpublisheddocument/31172/638936293176970000,parsed
74278_DC_Permit.pdf,74278-1,5d3058f0185e94b1e9497aa5bbfb5d0ac896d9d46c27dca0cd157358dd67dc60,248195,https://www.deq.virginia.gov/home/showpublisheddocument/26016/638633960792770000,parsed
742842_DC_Permit.pdf,74284-2,06bc6ff0280ea4b06b96678f9b818c41772fce8bf3731ac81976b9b3d8788360,573436,https://www.deq.virginia.gov/home/showpublisheddocument/35465/639105417613130000,parsed
74287_DC_Permit.pdf,74287-1,461712193d626d7bacc31c58789656154465adba37b85d051c7d4cadb1de654e,198374,https://www.deq.virginia.gov/home/showpublisheddocument/26261/638651998243870000,parsed
742882_DC_Permit.pdf,74288-2,f77540cdd9bf3688f39e4c7c594d84d9c94348088e2398fcdfd67ebf658d6e5e,595376,https://www.deq.virginia.gov/home/showpublisheddocument/36613/639168592121270000,parsed
74290_DC_Permit.pdf,74290-1,5de5459cd141f6ed6231ab475129da3d79d3b5ea27983469f6ffd2d880c21fa4,683637,https://www.deq.virginia.gov/home/showpublisheddocument/26720/638669941696770000,parsed
74296_DC_Permit.pdf,74296-1,f5cc8a31196ebc4c258d7adfd9f9d28f82bac7bcda464647e73710180548ea14,318690,https://www.deq.virginia.gov/home/showpublisheddocument/33143/639052996292800000,parsed
742992_DC_Permit.pdf,74299-2,d46c6c536e6e28e29582df38c7b02478893bb2614118bd7171f6f3011b3b831e,652956,https://www.deq.virginia.gov/home/showpublisheddocument/35464/639105417611870000,parsed
74300_DC_Permit.pdf,74300-1,37aad4470432ed797eecc5a388500f4acd84cab67bdc6d2fd4091fda43f59e7a,351845,https://www.deq.virginia.gov/home/showpublisheddocument/28092/638778025658170000,parsed
74301_DC_Permit.pdf,74301-1,04a1bb59465cb29990eb0e5529c78fc9849c7260b0af6b282fdcf827d1ddb41f,349121,https://www.deq.virginia.gov/home/showpublisheddocument/28094/638778027138400000,parsed
743021_DC_Permit.pdf,74302-1,9f69a36828bee05940b24f8a2a0890485387b4da27f191c34e4c6edea55b2532,386558,https://www.deq.virginia.gov/home/showpublisheddocument/37399/639201548771970000,parsed
743062_DC_Permit.pdf,74306-2,713bab98e6cf2d918d289f508424c9bbd14c2fd2aee0c8268bc737a922dae71e,332747,https://www.deq.virginia.gov/home/showpublisheddocument/32401/638989963110000000,parsed
743081_DC_Permit.pdf,74308-1,a95f1aab378ce67e57287a7013b13e8f51ad6d6c30254217727792f8b6ba60a7,610533,https://www.deq.virginia.gov/home/showpublisheddocument/35463/639105417610630000,parsed
74309_DC_Permit.pdf,74309-1,b798923bd1eebb2423910a31ad9b85d6359e32cd5e857a5e43365341afde20f2,270494,https://www.deq.virginia.gov/home/showpublisheddocument/28344/638790873414030000,parsed
74315_DC_Permit.pdf,74315-1,581cc8263c72a193689bc4624e7047d56734056b74679040575bacb071df3383,250126,https://www.deq.virginia.gov/home/showpublisheddocument/28686/638803848078830000,parsed
74317_DC_Permit.pdf,74317-1,b7efebe32d637ddf4a97aaa7ea3b02477ee8a76b967e368454352a738387d9ab,468821,https://www.deq.virginia.gov/home/showpublisheddocument/31174/638936293181930000,parsed
743211_DC_Permit.pdf,74321-1,6de7dfdabf0cec0accec2d1d62b703c548dbc202e9d8bfff72f6444e30ca8568,974109,https://www.deq.virginia.gov/home/showpublisheddocument/35462/639105417609370000,parsed
743232_DC_Permit.pdf,74323-2,dee0205040232d2e661dfe2bb93e1e8eada149b13f01ce4e33ba18aee88eda6a,883871,https://www.deq.virginia.gov/home/showpublisheddocument/35461/639105417608200000,parsed
743292_DC_Permit.pdf,74329-2,56d9f66a449ffb0a058ca0bf8521f2f67c651043a3925c9798f95ae69578811e,629364,https://www.deq.virginia.gov/home/showpublisheddocument/35666/639123810437200000,parsed
743322_DC_Permit.pdf,,0a9fd4ca831c456b71e18921df4071ef036d6010412a082252cc1179e9f73b83,295459,,needs_document_identification
743331_DC_Permit (1).pdf,74333-1,283ceb894d6d0ac8967336348326e6ce9952bb5e3bd53d5125a5985107325f59,815465,https://www.deq.virginia.gov/home/showpublisheddocument/35458/639105417604630000,parsed
743331_DC_Permit.pdf,74333-1,283ceb894d6d0ac8967336348326e6ce9952bb5e3bd53d5125a5985107325f59,815465,https://www.deq.virginia.gov/home/showpublisheddocument/35458/639105417604630000,duplicate_document
743351_DC_Permit.pdf,74335-1,2fbe156fd3edee08bb231359ed750e122ecb349a23257bfb827a78d7cfa9a465,508270,https://www.deq.virginia.gov/home/showpublisheddocument/35457/639105417603370000,parsed
743361_DC_Permit.pdf,74336-1,35244a58a6445ec5b3962d8292464972c160e8ecd90c0754ae76fb855601bc41,575820,https://www.deq.virginia.gov/home/showpublisheddocument/36294/639150607463270000,parsed
743371_DC_Permit.pdf,74337-1,8a0060cc276b9e986a67adb04216f81b7db3cf19636a48fb8779ccd3ebf898ba,624217,https://www.deq.virginia.gov/home/showpublisheddocument/35456/639105417601700000,parsed
743381_DC_Permit.pdf,74338-1,b36bf80fb0abf1e4e7675dc2b042688dcedbaf875e26cbccc0f11c00d3d95037,305056,https://www.deq.virginia.gov/home/showpublisheddocument/36249/639149773962100000,parsed
743411_DC_Permit.pdf,,6e09b01d116ca7518704ebbb7113e6a3a20af94db59a56f8d979e40c001f7766,608837,,needs_document_identification
743421_DC_Permit.pdf,74342-1,e34a83e1a0ac47e833c3416dbdb643c7a9d9038ef43a433e0a2f1fc7a6495203,894345,https://www.deq.virginia.gov/home/showpublisheddocument/36910/639177380195570000,parsed
743481_DC_Permit.pdf,74348-1,d5c5f44533d3088384c50be209b254a55611b4f6ff0ca32d621107cc9a656bd8,556747,https://www.deq.virginia.gov/home/showpublisheddocument/38108/639257577299170000,needs_equipment_review
743491_DC_Permit.pdf,74349-1,28851874106620e7bfac9496a6b15743ded5098cf92608c43c50a43a0ad53de2,322351,https://www.deq.virginia.gov/home/showpublisheddocument/37970/639213635751370000,parsed
809416_DC_Permit.pdf,80941-6,858ad7a147c14d56fff9ccf4530a8af23117e7defb9afd1f685a52a4fb7518c5,700142,https://www.deq.virginia.gov/home/showpublisheddocument/32400/638989963108100000,needs_equipment_review
81609_DC_Permit.pdf,,cd41ea2ea1609637206e44eda464b1b9a519b672e8f3b02079bfe8d8457e5356,451464,,needs_document_identification
