llc_name,parent_name,resolved_by,source_url
2425 Busse Road LLC (CenterSquare ORD2) (IL DCEO),Centersquare,STATE_REGISTRY,https://dceo.illinois.gov/content/dam/soi/en/web/dceo/aboutdceo/reportsrequiredbystatute/2025-data-centers-annual-report.pdf
4513 Western Avenue LLC (CenterSquare ORD4) (IL DCEO),Centersquare,STATE_REGISTRY,https://dceo.illinois.gov/content/dam/soi/en/web/dceo/aboutdceo/reportsrequiredbystatute/2025-data-centers-annual-report.pdf
"Aligned Data Centers (EGV) PropCo, LLC (IL DCEO)",Aligned,STATE_REGISTRY,https://dceo.illinois.gov/content/dam/soi/en/web/dceo/aboutdceo/reportsrequiredbystatute/2025-data-centers-annual-report.pdf
Aligned Data Centers (IL DCEO),Aligned,STATE_REGISTRY,https://dceo.illinois.gov/content/dam/soi/en/web/dceo/aboutdceo/reportsrequiredbystatute/2025-data-centers-annual-report.pdf
C1 Chicago 1 LLC - C1 Chicago 2 LLC (IL DCEO),,,
C1 Chicago Aurora III LLC (IL DCEO),,,
C1 Yorkville LLC (IL DCEO),,,
Chirisa Volo LLC (IL DCEO),,,
"Coresite, L.P. (IL DCEO)",CoreSite,STATE_REGISTRY,https://dceo.illinois.gov/content/dam/soi/en/web/dceo/aboutdceo/reportsrequiredbystatute/2025-data-centers-annual-report.pdf
CyrusOne (C1 Chicago) (IL DCEO),CyrusOne,STATE_REGISTRY,https://dceo.illinois.gov/content/dam/soi/en/web/dceo/aboutdceo/reportsrequiredbystatute/2025-data-centers-annual-report.pdf
"Digital Realty Trust, LP (IL DCEO)",Digital Realty,STATE_REGISTRY,https://dceo.illinois.gov/content/dam/soi/en/web/dceo/aboutdceo/reportsrequiredbystatute/2025-data-centers-annual-report.pdf
"EdgeConneX, Inc. (IL DCEO)",EdgeConneX,STATE_REGISTRY,https://dceo.illinois.gov/content/dam/soi/en/web/dceo/aboutdceo/reportsrequiredbystatute/2025-data-centers-annual-report.pdf
"EdgeConnex, Inc. (IL DCEO)",EdgeConneX,STATE_REGISTRY,https://dceo.illinois.gov/content/dam/soi/en/web/dceo/aboutdceo/reportsrequiredbystatute/2025-data-centers-annual-report.pdf
Elk Grove Village Property LLC (Phase 1) (IL DCEO),,,
Equinix LLC (IL DCEO),Equinix,STATE_REGISTRY,https://dceo.illinois.gov/content/dam/soi/en/web/dceo/aboutdceo/reportsrequiredbystatute/2025-data-centers-annual-report.pdf
Goldframe LLC (IL DCEO),,,
HydraVault LLC (IL DCEO),,,
"Iron Mountain Data Centers, LLC (IL DCEO)",Iron Mountain,STATE_REGISTRY,https://dceo.illinois.gov/content/dam/soi/en/web/dceo/aboutdceo/reportsrequiredbystatute/2025-data-centers-annual-report.pdf
"MEDP Mission Critical Facility, LLC dba Metro Edge (IL DCEO)",,,
Microsoft Corporation (IL DCEO),Microsoft,STATE_REGISTRY,https://dceo.illinois.gov/content/dam/soi/en/web/dceo/aboutdceo/reportsrequiredbystatute/2025-data-centers-annual-report.pdf
NTT Global Data Centers (IL DCEO),NTT,STATE_REGISTRY,https://dceo.illinois.gov/content/dam/soi/en/web/dceo/aboutdceo/reportsrequiredbystatute/2025-data-centers-annual-report.pdf
"Oracle America, Inc. (IL DCEO)",Oracle,STATE_REGISTRY,https://dceo.illinois.gov/content/dam/soi/en/web/dceo/aboutdceo/reportsrequiredbystatute/2025-data-centers-annual-report.pdf
Quality Technology Service (QTS) (IL DCEO),Quality Technology Services,STATE_REGISTRY,https://dceo.illinois.gov/content/dam/soi/en/web/dceo/aboutdceo/reportsrequiredbystatute/2025-data-centers-annual-report.pdf
"SDC CHI I, LLC (IL DCEO)",,,
"SDC CHI II Busse, LLC (IL DCEO)",,,
"SDC CHI III, LLC (IL DCEO)",,,
STACK Infrastructure (IL DCEO),Stack Infrastructure,STATE_REGISTRY,https://dceo.illinois.gov/content/dam/soi/en/web/dceo/aboutdceo/reportsrequiredbystatute/2025-data-centers-annual-report.pdf
"Serverfarm LLC dba SF CH1, LLC (IL DCEO)",Serverfarm,STATE_REGISTRY,https://dceo.illinois.gov/content/dam/soi/en/web/dceo/aboutdceo/reportsrequiredbystatute/2025-data-centers-annual-report.pdf
"T5@Chicago II, LLC (IL DCEO)",T5 Data Centers,STATE_REGISTRY,https://dceo.illinois.gov/content/dam/soi/en/web/dceo/aboutdceo/reportsrequiredbystatute/2025-data-centers-annual-report.pdf
"T5@Chicago III, LP (IL DCEO)",T5 Data Centers,STATE_REGISTRY,https://dceo.illinois.gov/content/dam/soi/en/web/dceo/aboutdceo/reportsrequiredbystatute/2025-data-centers-annual-report.pdf
"T5@Chicago IV, LP (IL DCEO)",T5 Data Centers,STATE_REGISTRY,https://dceo.illinois.gov/content/dam/soi/en/web/dceo/aboutdceo/reportsrequiredbystatute/2025-data-centers-annual-report.pdf
