ts,project_name,source,event_type,value_num,payload_json,source_url
2020-12-31,"Digital Realty Chicago ORD12 · Cook, IL",IL_DCEO,certified,,"{""program"": ""Illinois Data Center Investment Program"", ""company"": ""Digital Realty Trust, LP"", ""mou_year"": 2020, ""date_precision"": ""year: dated 31 December of the MOU year"", ""site_location"": ""Franklin Park"", ""investment_commitment_usd"": 404482346, ""est_tax_benefits_usd"": 25280147, ""est_tax_benefits_basis"": ""DCEO estimate, 6.25% of the commitment"", ""new_jobs"": 20, ""underserved_area"": true, ""report"": ""Data Center Investment Program 2025 Annual Report"", ""report_page"": 8, ""report_list_url"": ""https://dceo.illinois.gov/aboutdceo/reportsrequiredbystatute.html"", ""address_from_report"": ""9401 West Grand Avenue"", ""matched_site_basis"": ""same organization, 228 m from the record's address""}",https://dceo.illinois.gov/content/dam/soi/en/web/dceo/aboutdceo/reportsrequiredbystatute/2025-data-centers-annual-report.pdf
2020-12-31,"STACK Infrastructure · Elk Grove Village, IL",IL_DCEO,certified,,"{""program"": ""Illinois Data Center Investment Program"", ""company"": ""STACK Infrastructure"", ""mou_year"": 2020, ""date_precision"": ""year: dated 31 December of the MOU year"", ""site_location"": ""Elk Grove Village"", ""investment_commitment_usd"": 250000000, ""est_tax_benefits_usd"": 15625000, ""est_tax_benefits_basis"": ""DCEO estimate, 6.25% of the commitment"", ""new_jobs"": 20, ""underserved_area"": false, ""report"": ""Data Center Investment Program 2025 Annual Report"", ""report_page"": 8, ""report_list_url"": ""https://dceo.illinois.gov/aboutdceo/reportsrequiredbystatute.html"", ""address_from_report"": null, ""matched_site_basis"": null}",https://dceo.illinois.gov/content/dam/soi/en/web/dceo/aboutdceo/reportsrequiredbystatute/2025-data-centers-annual-report.pdf
2020-12-31,"NTT Global Data Centers · Itasca, IL",IL_DCEO,certified,,"{""program"": ""Illinois Data Center Investment Program"", ""company"": ""NTT Global Data Centers"", ""mou_year"": 2020, ""date_precision"": ""year: dated 31 December of the MOU year"", ""site_location"": ""Itasca"", ""investment_commitment_usd"": 276000000, ""est_tax_benefits_usd"": 17250000, ""est_tax_benefits_basis"": ""DCEO estimate, 6.25% of the commitment"", ""new_jobs"": 20, ""underserved_area"": false, ""report"": ""Data Center Investment Program 2025 Annual Report"", ""report_page"": 8, ""report_list_url"": ""https://dceo.illinois.gov/aboutdceo/reportsrequiredbystatute.html"", ""address_from_report"": null, ""matched_site_basis"": null}",https://dceo.illinois.gov/content/dam/soi/en/web/dceo/aboutdceo/reportsrequiredbystatute/2025-data-centers-annual-report.pdf
2020-12-31,"T5@Chicago II · Elk Grove Village, IL",IL_DCEO,certified,,"{""program"": ""Illinois Data Center Investment Program"", ""company"": ""T5@Chicago II, LLC"", ""mou_year"": 2020, ""date_precision"": ""year: dated 31 December of the MOU year"", ""site_location"": ""Elk Grove Village"", ""investment_commitment_usd"": 250000000, ""est_tax_benefits_usd"": 15625000, ""est_tax_benefits_basis"": ""DCEO estimate, 6.25% of the commitment"", ""new_jobs"": 20, ""underserved_area"": false, ""report"": ""Data Center Investment Program 2025 Annual Report"", ""report_page"": 8, ""report_list_url"": ""https://dceo.illinois.gov/aboutdceo/reportsrequiredbystatute.html"", ""address_from_report"": null, ""matched_site_basis"": null}",https://dceo.illinois.gov/content/dam/soi/en/web/dceo/aboutdceo/reportsrequiredbystatute/2025-data-centers-annual-report.pdf
2020-12-31,"Coresite · Chicago, IL",IL_DCEO,certified,,"{""program"": ""Illinois Data Center Investment Program"", ""company"": ""Coresite, L.P."", ""mou_year"": 2020, ""date_precision"": ""year: dated 31 December of the MOU year"", ""site_location"": ""Chicago"", ""investment_commitment_usd"": 250000000, ""est_tax_benefits_usd"": 15625000, ""est_tax_benefits_basis"": ""DCEO estimate, 6.25% of the commitment"", ""new_jobs"": 20, ""underserved_area"": false, ""report"": ""Data Center Investment Program 2025 Annual Report"", ""report_page"": 8, ""report_list_url"": ""https://dceo.illinois.gov/aboutdceo/reportsrequiredbystatute.html"", ""address_from_report"": null, ""matched_site_basis"": null}",https://dceo.illinois.gov/content/dam/soi/en/web/dceo/aboutdceo/reportsrequiredbystatute/2025-data-centers-annual-report.pdf
2020-12-31,"Microsoft · Elk Grove Village, IL",IL_DCEO,certified,,"{""program"": ""Illinois Data Center Investment Program"", ""company"": ""Microsoft Corporation"", ""mou_year"": 2020, ""date_precision"": ""year: dated 31 December of the MOU year"", ""site_location"": ""Elk Grove Village"", ""investment_commitment_usd"": 252000000, ""est_tax_benefits_usd"": 15750000, ""est_tax_benefits_basis"": ""DCEO estimate, 6.25% of the commitment"", ""new_jobs"": 20, ""underserved_area"": false, ""report"": ""Data Center Investment Program 2025 Annual Report"", ""report_page"": 8, ""report_list_url"": ""https://dceo.illinois.gov/aboutdceo/reportsrequiredbystatute.html"", ""address_from_report"": null, ""matched_site_basis"": null}",https://dceo.illinois.gov/content/dam/soi/en/web/dceo/aboutdceo/reportsrequiredbystatute/2025-data-centers-annual-report.pdf
2021-12-31,"Microsoft · Northlake, IL",IL_DCEO,certified,,"{""program"": ""Illinois Data Center Investment Program"", ""company"": ""Microsoft Corporation"", ""mou_year"": 2021, ""date_precision"": ""year: dated 31 December of the MOU year"", ""site_location"": ""Northlake"", ""investment_commitment_usd"": 388134927, ""est_tax_benefits_usd"": 24258433, ""est_tax_benefits_basis"": ""DCEO estimate, 6.25% of the commitment"", ""new_jobs"": 20, ""underserved_area"": false, ""report"": ""Data Center Investment Program 2025 Annual Report"", ""report_page"": 8, ""report_list_url"": ""https://dceo.illinois.gov/aboutdceo/reportsrequiredbystatute.html"", ""address_from_report"": null, ""matched_site_basis"": null}",https://dceo.illinois.gov/content/dam/soi/en/web/dceo/aboutdceo/reportsrequiredbystatute/2025-data-centers-annual-report.pdf
2021-12-31,"Microsoft · Hoffman Estates, IL",IL_DCEO,certified,,"{""program"": ""Illinois Data Center Investment Program"", ""company"": ""Microsoft Corporation"", ""mou_year"": 2021, ""date_precision"": ""year: dated 31 December of the MOU year"", ""site_location"": ""Hoffman Estates"", ""investment_commitment_usd"": 275000000, ""est_tax_benefits_usd"": 17187500, ""est_tax_benefits_basis"": ""DCEO estimate, 6.25% of the commitment"", ""new_jobs"": 20, ""underserved_area"": false, ""report"": ""Data Center Investment Program 2025 Annual Report"", ""report_page"": 8, ""report_list_url"": ""https://dceo.illinois.gov/aboutdceo/reportsrequiredbystatute.html"", ""address_from_report"": null, ""matched_site_basis"": null}",https://dceo.illinois.gov/content/dam/soi/en/web/dceo/aboutdceo/reportsrequiredbystatute/2025-data-centers-annual-report.pdf
2021-12-31,"Quality Technology Service (QTS) · Chicago, IL",IL_DCEO,certified,,"{""program"": ""Illinois Data Center Investment Program"", ""company"": ""Quality Technology Service (QTS)"", ""mou_year"": 2021, ""date_precision"": ""year: dated 31 December of the MOU year"", ""site_location"": ""Chicago"", ""investment_commitment_usd"": 250000000, ""est_tax_benefits_usd"": 15625000, ""est_tax_benefits_basis"": ""DCEO estimate, 6.25% of the commitment"", ""new_jobs"": 20, ""underserved_area"": false, ""report"": ""Data Center Investment Program 2025 Annual Report"", ""report_page"": 8, ""report_list_url"": ""https://dceo.illinois.gov/aboutdceo/reportsrequiredbystatute.html"", ""address_from_report"": null, ""matched_site_basis"": null}",https://dceo.illinois.gov/content/dam/soi/en/web/dceo/aboutdceo/reportsrequiredbystatute/2025-data-centers-annual-report.pdf
2021-12-31,"Goldframe · DeKalb, IL",IL_DCEO,certified,,"{""program"": ""Illinois Data Center Investment Program"", ""company"": ""Goldframe LLC"", ""mou_year"": 2021, ""date_precision"": ""year: dated 31 December of the MOU year"", ""site_location"": ""DeKalb"", ""investment_commitment_usd"": 800000000, ""est_tax_benefits_usd"": 50000000, ""est_tax_benefits_basis"": ""DCEO estimate, 6.25% of the commitment"", ""new_jobs"": 50, ""underserved_area"": true, ""report"": ""Data Center Investment Program 2025 Annual Report"", ""report_page"": 8, ""report_list_url"": ""https://dceo.illinois.gov/aboutdceo/reportsrequiredbystatute.html"", ""address_from_report"": null, ""matched_site_basis"": null}",https://dceo.illinois.gov/content/dam/soi/en/web/dceo/aboutdceo/reportsrequiredbystatute/2025-data-centers-annual-report.pdf
2021-12-31,"SDC CHI I · Elk Grove Village, IL",IL_DCEO,certified,,"{""program"": ""Illinois Data Center Investment Program"", ""company"": ""SDC CHI I, LLC"", ""mou_year"": 2021, ""date_precision"": ""year: dated 31 December of the MOU year"", ""site_location"": ""Elk Grove Village"", ""investment_commitment_usd"": 250000000, ""est_tax_benefits_usd"": 15625000, ""est_tax_benefits_basis"": ""DCEO estimate, 6.25% of the commitment"", ""new_jobs"": 20, ""underserved_area"": true, ""report"": ""Data Center Investment Program 2025 Annual Report"", ""report_page"": 8, ""report_list_url"": ""https://dceo.illinois.gov/aboutdceo/reportsrequiredbystatute.html"", ""address_from_report"": null, ""matched_site_basis"": null}",https://dceo.illinois.gov/content/dam/soi/en/web/dceo/aboutdceo/reportsrequiredbystatute/2025-data-centers-annual-report.pdf
2021-12-31,"Aligned Data Centers · Northlake, IL",IL_DCEO,certified,,"{""program"": ""Illinois Data Center Investment Program"", ""company"": ""Aligned Data Centers"", ""mou_year"": 2021, ""date_precision"": ""year: dated 31 December of the MOU year"", ""site_location"": ""Northlake"", ""investment_commitment_usd"": 252500000, ""est_tax_benefits_usd"": 15781250, ""est_tax_benefits_basis"": ""DCEO estimate, 6.25% of the commitment"", ""new_jobs"": 20, ""underserved_area"": false, ""report"": ""Data Center Investment Program 2025 Annual Report"", ""report_page"": 8, ""report_list_url"": ""https://dceo.illinois.gov/aboutdceo/reportsrequiredbystatute.html"", ""address_from_report"": null, ""matched_site_basis"": null, ""report_note"": ""2024 report lists the commitment as $252,000,000""}",https://dceo.illinois.gov/content/dam/soi/en/web/dceo/aboutdceo/reportsrequiredbystatute/2025-data-centers-annual-report.pdf
2021-12-31,"Digital Realty Trust · Elk Grove Village, IL",IL_DCEO,certified,,"{""program"": ""Illinois Data Center Investment Program"", ""company"": ""Digital Realty Trust, LP"", ""mou_year"": 2021, ""date_precision"": ""year: dated 31 December of the MOU year"", ""site_location"": ""Elk Grove Village"", ""investment_commitment_usd"": 280608349, ""est_tax_benefits_usd"": 17538022, ""est_tax_benefits_basis"": ""DCEO estimate, 6.25% of the commitment"", ""new_jobs"": 29, ""underserved_area"": true, ""report"": ""Data Center Investment Program 2025 Annual Report"", ""report_page"": 8, ""report_list_url"": ""https://dceo.illinois.gov/aboutdceo/reportsrequiredbystatute.html"", ""address_from_report"": null, ""matched_site_basis"": null, ""report_note"": ""2021 report lists the commitment as $280,608,348""}",https://dceo.illinois.gov/content/dam/soi/en/web/dceo/aboutdceo/reportsrequiredbystatute/2025-data-centers-annual-report.pdf
2022-12-31,"CyrusOne (C1 Chicago) · Aurora, IL",IL_DCEO,certified,,"{""program"": ""Illinois Data Center Investment Program"", ""company"": ""CyrusOne (C1 Chicago)"", ""mou_year"": 2022, ""date_precision"": ""year: dated 31 December of the MOU year"", ""site_location"": ""Aurora"", ""investment_commitment_usd"": 250000000, ""est_tax_benefits_usd"": 15625000, ""est_tax_benefits_basis"": ""DCEO estimate, 6.25% of the commitment"", ""new_jobs"": 20, ""underserved_area"": false, ""report"": ""Data Center Investment Program 2025 Annual Report"", ""report_page"": 8, ""report_list_url"": ""https://dceo.illinois.gov/aboutdceo/reportsrequiredbystatute.html"", ""address_from_report"": null, ""matched_site_basis"": null}",https://dceo.illinois.gov/content/dam/soi/en/web/dceo/aboutdceo/reportsrequiredbystatute/2025-data-centers-annual-report.pdf
2022-12-31,"SDC CHI II Busse · Elk Grove Village, IL",IL_DCEO,certified,,"{""program"": ""Illinois Data Center Investment Program"", ""company"": ""SDC CHI II Busse, LLC"", ""mou_year"": 2022, ""date_precision"": ""year: dated 31 December of the MOU year"", ""site_location"": ""Elk Grove Village"", ""investment_commitment_usd"": 250000000, ""est_tax_benefits_usd"": 15625000, ""est_tax_benefits_basis"": ""DCEO estimate, 6.25% of the commitment"", ""new_jobs"": 20, ""underserved_area"": true, ""report"": ""Data Center Investment Program 2025 Annual Report"", ""report_page"": 8, ""report_list_url"": ""https://dceo.illinois.gov/aboutdceo/reportsrequiredbystatute.html"", ""address_from_report"": null, ""matched_site_basis"": null}",https://dceo.illinois.gov/content/dam/soi/en/web/dceo/aboutdceo/reportsrequiredbystatute/2025-data-centers-annual-report.pdf
2023-12-31,"MEDP Mission Critical Facility, LLC dba Metro Edge · Chicago, IL",IL_DCEO,certified,,"{""program"": ""Illinois Data Center Investment Program"", ""company"": ""MEDP Mission Critical Facility, LLC dba Metro Edge"", ""mou_year"": 2023, ""date_precision"": ""year: dated 31 December of the MOU year"", ""site_location"": ""Chicago"", ""investment_commitment_usd"": 257123954, ""est_tax_benefits_usd"": 16070247, ""est_tax_benefits_basis"": ""DCEO estimate, 6.25% of the commitment"", ""new_jobs"": 20, ""underserved_area"": true, ""report"": ""Data Center Investment Program 2025 Annual Report"", ""report_page"": 8, ""report_list_url"": ""https://dceo.illinois.gov/aboutdceo/reportsrequiredbystatute.html"", ""address_from_report"": null, ""matched_site_basis"": null}",https://dceo.illinois.gov/content/dam/soi/en/web/dceo/aboutdceo/reportsrequiredbystatute/2025-data-centers-annual-report.pdf
2023-12-31,"Elk Grove Village Property LLC (Phase 1) · Elk Grove Village, IL",IL_DCEO,certified,,"{""program"": ""Illinois Data Center Investment Program"", ""company"": ""Elk Grove Village Property LLC (Phase 1)"", ""mou_year"": 2023, ""date_precision"": ""year: dated 31 December of the MOU year"", ""site_location"": ""Elk Grove Village"", ""investment_commitment_usd"": 517200000, ""est_tax_benefits_usd"": 32325000, ""est_tax_benefits_basis"": ""DCEO estimate, 6.25% of the commitment"", ""new_jobs"": 20, ""underserved_area"": false, ""report"": ""Data Center Investment Program 2025 Annual Report"", ""report_page"": 8, ""report_list_url"": ""https://dceo.illinois.gov/aboutdceo/reportsrequiredbystatute.html"", ""address_from_report"": ""1650 Higgins Road"", ""matched_site_basis"": null}",https://dceo.illinois.gov/content/dam/soi/en/web/dceo/aboutdceo/reportsrequiredbystatute/2025-data-centers-annual-report.pdf
2023-12-31,"Serverfarm LLC dba SF CH1 · Chicago, IL",IL_DCEO,certified,,"{""program"": ""Illinois Data Center Investment Program"", ""company"": ""Serverfarm LLC dba SF CH1, LLC"", ""mou_year"": 2023, ""date_precision"": ""year: dated 31 December of the MOU year"", ""site_location"": ""Chicago"", ""investment_commitment_usd"": 285000000, ""est_tax_benefits_usd"": 17812500, ""est_tax_benefits_basis"": ""DCEO estimate, 6.25% of the commitment"", ""new_jobs"": 29, ""underserved_area"": true, ""report"": ""Data Center Investment Program 2025 Annual Report"", ""report_page"": 8, ""report_list_url"": ""https://dceo.illinois.gov/aboutdceo/reportsrequiredbystatute.html"", ""address_from_report"": null, ""matched_site_basis"": null}",https://dceo.illinois.gov/content/dam/soi/en/web/dceo/aboutdceo/reportsrequiredbystatute/2025-data-centers-annual-report.pdf
2023-12-31,"EdgeConneX · Elk Grove Village, IL",IL_DCEO,certified,,"{""program"": ""Illinois Data Center Investment Program"", ""company"": ""EdgeConneX, Inc."", ""mou_year"": 2023, ""date_precision"": ""year: dated 31 December of the MOU year"", ""site_location"": ""Elk Grove Village"", ""investment_commitment_usd"": 250000000, ""est_tax_benefits_usd"": 15625000, ""est_tax_benefits_basis"": ""DCEO estimate, 6.25% of the commitment"", ""new_jobs"": 20, ""underserved_area"": true, ""report"": ""Data Center Investment Program 2025 Annual Report"", ""report_page"": 8, ""report_list_url"": ""https://dceo.illinois.gov/aboutdceo/reportsrequiredbystatute.html"", ""address_from_report"": null, ""matched_site_basis"": null}",https://dceo.illinois.gov/content/dam/soi/en/web/dceo/aboutdceo/reportsrequiredbystatute/2025-data-centers-annual-report.pdf
2023-12-31,"Aligned Data Centers (EGV) PropCo · Elk Grove Village, IL",IL_DCEO,certified,,"{""program"": ""Illinois Data Center Investment Program"", ""company"": ""Aligned Data Centers (EGV) PropCo, LLC"", ""mou_year"": 2023, ""date_precision"": ""year: dated 31 December of the MOU year"", ""site_location"": ""Elk Grove Village"", ""investment_commitment_usd"": 285000000, ""est_tax_benefits_usd"": 17812500, ""est_tax_benefits_basis"": ""DCEO estimate, 6.25% of the commitment"", ""new_jobs"": 21, ""underserved_area"": false, ""report"": ""Data Center Investment Program 2025 Annual Report"", ""report_page"": 8, ""report_list_url"": ""https://dceo.illinois.gov/aboutdceo/reportsrequiredbystatute.html"", ""address_from_report"": null, ""matched_site_basis"": null}",https://dceo.illinois.gov/content/dam/soi/en/web/dceo/aboutdceo/reportsrequiredbystatute/2025-data-centers-annual-report.pdf
2023-12-31,"Chirisa Volo · Volo, IL",IL_DCEO,certified,,"{""program"": ""Illinois Data Center Investment Program"", ""company"": ""Chirisa Volo LLC"", ""mou_year"": 2023, ""date_precision"": ""year: dated 31 December of the MOU year"", ""site_location"": ""Volo"", ""investment_commitment_usd"": 262000000, ""est_tax_benefits_usd"": 16375000, ""est_tax_benefits_basis"": ""DCEO estimate, 6.25% of the commitment"", ""new_jobs"": 20, ""underserved_area"": false, ""report"": ""Data Center Investment Program 2025 Annual Report"", ""report_page"": 8, ""report_list_url"": ""https://dceo.illinois.gov/aboutdceo/reportsrequiredbystatute.html"", ""address_from_report"": null, ""matched_site_basis"": null}",https://dceo.illinois.gov/content/dam/soi/en/web/dceo/aboutdceo/reportsrequiredbystatute/2025-data-centers-annual-report.pdf
2024-12-31,"Equinix · Elk Grove Village, IL",IL_DCEO,certified,,"{""program"": ""Illinois Data Center Investment Program"", ""company"": ""Equinix LLC"", ""mou_year"": 2024, ""date_precision"": ""year: dated 31 December of the MOU year"", ""site_location"": ""Elk Grove Village"", ""investment_commitment_usd"": 250000000, ""est_tax_benefits_usd"": 15625000, ""est_tax_benefits_basis"": ""DCEO estimate, 6.25% of the commitment"", ""new_jobs"": 20, ""underserved_area"": true, ""report"": ""Data Center Investment Program 2025 Annual Report"", ""report_page"": 8, ""report_list_url"": ""https://dceo.illinois.gov/aboutdceo/reportsrequiredbystatute.html"", ""address_from_report"": null, ""matched_site_basis"": null}",https://dceo.illinois.gov/content/dam/soi/en/web/dceo/aboutdceo/reportsrequiredbystatute/2025-data-centers-annual-report.pdf
2024-12-31,"Iron Mountain Data Centers · Des Plaines, IL",IL_DCEO,certified,,"{""program"": ""Illinois Data Center Investment Program"", ""company"": ""Iron Mountain Data Centers, LLC"", ""mou_year"": 2024, ""date_precision"": ""year: dated 31 December of the MOU year"", ""site_location"": ""Des Plaines"", ""investment_commitment_usd"": 320000000, ""est_tax_benefits_usd"": 20000000, ""est_tax_benefits_basis"": ""DCEO estimate, 6.25% of the commitment"", ""new_jobs"": 22, ""underserved_area"": true, ""report"": ""Data Center Investment Program 2025 Annual Report"", ""report_page"": 9, ""report_list_url"": ""https://dceo.illinois.gov/aboutdceo/reportsrequiredbystatute.html"", ""address_from_report"": null, ""matched_site_basis"": null}",https://dceo.illinois.gov/content/dam/soi/en/web/dceo/aboutdceo/reportsrequiredbystatute/2025-data-centers-annual-report.pdf
2024-12-31,"T5@Chicago III · Northlake, IL",IL_DCEO,certified,,"{""program"": ""Illinois Data Center Investment Program"", ""company"": ""T5@Chicago III, LP"", ""mou_year"": 2024, ""date_precision"": ""year: dated 31 December of the MOU year"", ""site_location"": ""Northlake"", ""investment_commitment_usd"": 252000000, ""est_tax_benefits_usd"": 15750000, ""est_tax_benefits_basis"": ""DCEO estimate, 6.25% of the commitment"", ""new_jobs"": 20, ""underserved_area"": false, ""report"": ""Data Center Investment Program 2025 Annual Report"", ""report_page"": 9, ""report_list_url"": ""https://dceo.illinois.gov/aboutdceo/reportsrequiredbystatute.html"", ""address_from_report"": null, ""matched_site_basis"": null}",https://dceo.illinois.gov/content/dam/soi/en/web/dceo/aboutdceo/reportsrequiredbystatute/2025-data-centers-annual-report.pdf
2024-12-31,"C1 Chicago Aurora III · Aurora, IL",IL_DCEO,certified,,"{""program"": ""Illinois Data Center Investment Program"", ""company"": ""C1 Chicago Aurora III LLC"", ""mou_year"": 2024, ""date_precision"": ""year: dated 31 December of the MOU year"", ""site_location"": ""Aurora"", ""investment_commitment_usd"": 250000000, ""est_tax_benefits_usd"": 15625000, ""est_tax_benefits_basis"": ""DCEO estimate, 6.25% of the commitment"", ""new_jobs"": 20, ""underserved_area"": true, ""report"": ""Data Center Investment Program 2025 Annual Report"", ""report_page"": 9, ""report_list_url"": ""https://dceo.illinois.gov/aboutdceo/reportsrequiredbystatute.html"", ""address_from_report"": null, ""matched_site_basis"": null}",https://dceo.illinois.gov/content/dam/soi/en/web/dceo/aboutdceo/reportsrequiredbystatute/2025-data-centers-annual-report.pdf
2024-12-31,"C1 Chicago 1 LLC - C1 Chicago 2 · Wood Dale, IL",IL_DCEO,certified,,"{""program"": ""Illinois Data Center Investment Program"", ""company"": ""C1 Chicago 1 LLC - C1 Chicago 2 LLC"", ""mou_year"": 2024, ""date_precision"": ""year: dated 31 December of the MOU year"", ""site_location"": ""Wood Dale"", ""investment_commitment_usd"": 250000000, ""est_tax_benefits_usd"": 15625000, ""est_tax_benefits_basis"": ""DCEO estimate, 6.25% of the commitment"", ""new_jobs"": 20, ""underserved_area"": false, ""report"": ""Data Center Investment Program 2025 Annual Report"", ""report_page"": 9, ""report_list_url"": ""https://dceo.illinois.gov/aboutdceo/reportsrequiredbystatute.html"", ""address_from_report"": null, ""matched_site_basis"": null}",https://dceo.illinois.gov/content/dam/soi/en/web/dceo/aboutdceo/reportsrequiredbystatute/2025-data-centers-annual-report.pdf
2024-12-31,"C1 Yorkville · Yorkville, IL",IL_DCEO,certified,,"{""program"": ""Illinois Data Center Investment Program"", ""company"": ""C1 Yorkville LLC"", ""mou_year"": 2024, ""date_precision"": ""year: dated 31 December of the MOU year"", ""site_location"": ""Yorkville"", ""investment_commitment_usd"": 250000000, ""est_tax_benefits_usd"": 15625000, ""est_tax_benefits_basis"": ""DCEO estimate, 6.25% of the commitment"", ""new_jobs"": 20, ""underserved_area"": false, ""report"": ""Data Center Investment Program 2025 Annual Report"", ""report_page"": 9, ""report_list_url"": ""https://dceo.illinois.gov/aboutdceo/reportsrequiredbystatute.html"", ""address_from_report"": null, ""matched_site_basis"": null}",https://dceo.illinois.gov/content/dam/soi/en/web/dceo/aboutdceo/reportsrequiredbystatute/2025-data-centers-annual-report.pdf
2025-12-31,"T5@Chicago IV · Grayslake, IL",IL_DCEO,certified,,"{""program"": ""Illinois Data Center Investment Program"", ""company"": ""T5@Chicago IV, LP"", ""mou_year"": 2025, ""date_precision"": ""year: dated 31 December of the MOU year"", ""site_location"": ""Grayslake"", ""investment_commitment_usd"": 250000000, ""est_tax_benefits_usd"": 15625000, ""est_tax_benefits_basis"": ""DCEO estimate, 6.25% of the commitment"", ""new_jobs"": 20, ""underserved_area"": false, ""report"": ""Data Center Investment Program 2025 Annual Report"", ""report_page"": 9, ""report_list_url"": ""https://dceo.illinois.gov/aboutdceo/reportsrequiredbystatute.html"", ""address_from_report"": null, ""matched_site_basis"": null}",https://dceo.illinois.gov/content/dam/soi/en/web/dceo/aboutdceo/reportsrequiredbystatute/2025-data-centers-annual-report.pdf
2025-12-31,"2425 Busse Road LLC (CenterSquare ORD2) · Elk Grove Village, IL",IL_DCEO,certified,,"{""program"": ""Illinois Data Center Investment Program"", ""company"": ""2425 Busse Road LLC (CenterSquare ORD2)"", ""mou_year"": 2025, ""date_precision"": ""year: dated 31 December of the MOU year"", ""site_location"": ""Elk Grove Village"", ""investment_commitment_usd"": 274152813, ""est_tax_benefits_usd"": 17134551, ""est_tax_benefits_basis"": ""DCEO estimate, 6.25% of the commitment"", ""new_jobs"": 20, ""underserved_area"": true, ""report"": ""Data Center Investment Program 2025 Annual Report"", ""report_page"": 9, ""report_list_url"": ""https://dceo.illinois.gov/aboutdceo/reportsrequiredbystatute.html"", ""address_from_report"": null, ""matched_site_basis"": null}",https://dceo.illinois.gov/content/dam/soi/en/web/dceo/aboutdceo/reportsrequiredbystatute/2025-data-centers-annual-report.pdf
2025-12-31,"4513 Western Avenue LLC (CenterSquare ORD4) · Lisle, IL",IL_DCEO,certified,,"{""program"": ""Illinois Data Center Investment Program"", ""company"": ""4513 Western Avenue LLC (CenterSquare ORD4)"", ""mou_year"": 2025, ""date_precision"": ""year: dated 31 December of the MOU year"", ""site_location"": ""Lisle"", ""investment_commitment_usd"": 258374703, ""est_tax_benefits_usd"": 16148419, ""est_tax_benefits_basis"": ""DCEO estimate, 6.25% of the commitment"", ""new_jobs"": 20, ""underserved_area"": true, ""report"": ""Data Center Investment Program 2025 Annual Report"", ""report_page"": 9, ""report_list_url"": ""https://dceo.illinois.gov/aboutdceo/reportsrequiredbystatute.html"", ""address_from_report"": null, ""matched_site_basis"": null}",https://dceo.illinois.gov/content/dam/soi/en/web/dceo/aboutdceo/reportsrequiredbystatute/2025-data-centers-annual-report.pdf
2025-12-31,"Oracle America · Elk Grove Village, IL",IL_DCEO,certified,,"{""program"": ""Illinois Data Center Investment Program"", ""company"": ""Oracle America, Inc."", ""mou_year"": 2025, ""date_precision"": ""year: dated 31 December of the MOU year"", ""site_location"": ""Elk Grove Village"", ""investment_commitment_usd"": 555000000, ""est_tax_benefits_usd"": 34687500, ""est_tax_benefits_basis"": ""DCEO estimate, 6.25% of the commitment"", ""new_jobs"": 20, ""underserved_area"": false, ""report"": ""Data Center Investment Program 2025 Annual Report"", ""report_page"": 9, ""report_list_url"": ""https://dceo.illinois.gov/aboutdceo/reportsrequiredbystatute.html"", ""address_from_report"": null, ""matched_site_basis"": null}",https://dceo.illinois.gov/content/dam/soi/en/web/dceo/aboutdceo/reportsrequiredbystatute/2025-data-centers-annual-report.pdf
2025-12-31,"HydraVault · Chicago, IL",IL_DCEO,certified,,"{""program"": ""Illinois Data Center Investment Program"", ""company"": ""HydraVault LLC"", ""mou_year"": 2025, ""date_precision"": ""year: dated 31 December of the MOU year"", ""site_location"": ""Chicago"", ""investment_commitment_usd"": 270000000, ""est_tax_benefits_usd"": 16875000, ""est_tax_benefits_basis"": ""DCEO estimate, 6.25% of the commitment"", ""new_jobs"": 20, ""underserved_area"": true, ""report"": ""Data Center Investment Program 2025 Annual Report"", ""report_page"": 9, ""report_list_url"": ""https://dceo.illinois.gov/aboutdceo/reportsrequiredbystatute.html"", ""address_from_report"": null, ""matched_site_basis"": null}",https://dceo.illinois.gov/content/dam/soi/en/web/dceo/aboutdceo/reportsrequiredbystatute/2025-data-centers-annual-report.pdf
2025-12-31,"EdgeConnex · Elk Grove Village, IL",IL_DCEO,certified,,"{""program"": ""Illinois Data Center Investment Program"", ""company"": ""EdgeConnex, Inc."", ""mou_year"": 2025, ""date_precision"": ""year: dated 31 December of the MOU year"", ""site_location"": ""Elk Grove Village"", ""investment_commitment_usd"": 501238000, ""est_tax_benefits_usd"": 31327375, ""est_tax_benefits_basis"": ""DCEO estimate, 6.25% of the commitment"", ""new_jobs"": 20, ""underserved_area"": true, ""report"": ""Data Center Investment Program 2025 Annual Report"", ""report_page"": 9, ""report_list_url"": ""https://dceo.illinois.gov/aboutdceo/reportsrequiredbystatute.html"", ""address_from_report"": null, ""matched_site_basis"": null}",https://dceo.illinois.gov/content/dam/soi/en/web/dceo/aboutdceo/reportsrequiredbystatute/2025-data-centers-annual-report.pdf
2025-12-31,"SDC CHI III · Elk Grove Village, IL",IL_DCEO,certified,,"{""program"": ""Illinois Data Center Investment Program"", ""company"": ""SDC CHI III, LLC"", ""mou_year"": 2025, ""date_precision"": ""year: dated 31 December of the MOU year"", ""site_location"": ""Elk Grove Village"", ""investment_commitment_usd"": 450000000, ""est_tax_benefits_usd"": 28125000, ""est_tax_benefits_basis"": ""DCEO estimate, 6.25% of the commitment"", ""new_jobs"": 20, ""underserved_area"": true, ""report"": ""Data Center Investment Program 2025 Annual Report"", ""report_page"": 9, ""report_list_url"": ""https://dceo.illinois.gov/aboutdceo/reportsrequiredbystatute.html"", ""address_from_report"": null, ""matched_site_basis"": null}",https://dceo.illinois.gov/content/dam/soi/en/web/dceo/aboutdceo/reportsrequiredbystatute/2025-data-centers-annual-report.pdf
