name,state,county,city,address,lat,lon,llc_name
"STACK Infrastructure · Elk Grove Village, IL",IL,,Elk Grove Village,,,,STACK Infrastructure (IL DCEO)
"NTT Global Data Centers · Itasca, IL",IL,,Itasca,,,,NTT Global Data Centers (IL DCEO)
"T5@Chicago II · Elk Grove Village, IL",IL,,Elk Grove Village,,,,"T5@Chicago II, LLC (IL DCEO)"
"Coresite · Chicago, IL",IL,,Chicago,,,,"Coresite, L.P. (IL DCEO)"
"Microsoft · Elk Grove Village, IL",IL,,Elk Grove Village,,,,Microsoft Corporation (IL DCEO)
"Microsoft · Northlake, IL",IL,,Northlake,,,,Microsoft Corporation (IL DCEO)
"Microsoft · Hoffman Estates, IL",IL,,Hoffman Estates,,,,Microsoft Corporation (IL DCEO)
"Quality Technology Service (QTS) · Chicago, IL",IL,,Chicago,,,,Quality Technology Service (QTS) (IL DCEO)
"Goldframe · DeKalb, IL",IL,,DeKalb,,,,Goldframe LLC (IL DCEO)
"SDC CHI I · Elk Grove Village, IL",IL,,Elk Grove Village,,,,"SDC CHI I, LLC (IL DCEO)"
"Aligned Data Centers · Northlake, IL",IL,,Northlake,,,,Aligned Data Centers (IL DCEO)
"Digital Realty Trust · Elk Grove Village, IL",IL,,Elk Grove Village,,,,"Digital Realty Trust, LP (IL DCEO)"
"CyrusOne (C1 Chicago) · Aurora, IL",IL,,Aurora,,,,CyrusOne (C1 Chicago) (IL DCEO)
"SDC CHI II Busse · Elk Grove Village, IL",IL,,Elk Grove Village,,,,"SDC CHI II Busse, LLC (IL DCEO)"
"MEDP Mission Critical Facility, LLC dba Metro Edge · Chicago, IL",IL,,Chicago,,,,"MEDP Mission Critical Facility, LLC dba Metro Edge (IL DCEO)"
"Elk Grove Village Property LLC (Phase 1) · Elk Grove Village, IL",IL,,Elk Grove Village,1650 Higgins Road,,,Elk Grove Village Property LLC (Phase 1) (IL DCEO)
"Serverfarm LLC dba SF CH1 · Chicago, IL",IL,,Chicago,,,,"Serverfarm LLC dba SF CH1, LLC (IL DCEO)"
"EdgeConneX · Elk Grove Village, IL",IL,,Elk Grove Village,,,,"EdgeConneX, Inc. (IL DCEO)"
"Aligned Data Centers (EGV) PropCo · Elk Grove Village, IL",IL,,Elk Grove Village,,,,"Aligned Data Centers (EGV) PropCo, LLC (IL DCEO)"
"Chirisa Volo · Volo, IL",IL,,Volo,,,,Chirisa Volo LLC (IL DCEO)
"Equinix · Elk Grove Village, IL",IL,,Elk Grove Village,,,,Equinix LLC (IL DCEO)
"Iron Mountain Data Centers · Des Plaines, IL",IL,,Des Plaines,,,,"Iron Mountain Data Centers, LLC (IL DCEO)"
"T5@Chicago III · Northlake, IL",IL,,Northlake,,,,"T5@Chicago III, LP (IL DCEO)"
"C1 Chicago Aurora III · Aurora, IL",IL,,Aurora,,,,C1 Chicago Aurora III LLC (IL DCEO)
"C1 Chicago 1 LLC - C1 Chicago 2 · Wood Dale, IL",IL,,Wood Dale,,,,C1 Chicago 1 LLC - C1 Chicago 2 LLC (IL DCEO)
"C1 Yorkville · Yorkville, IL",IL,,Yorkville,,,,C1 Yorkville LLC (IL DCEO)
"T5@Chicago IV · Grayslake, IL",IL,,Grayslake,,,,"T5@Chicago IV, LP (IL DCEO)"
"2425 Busse Road LLC (CenterSquare ORD2) · Elk Grove Village, IL",IL,,Elk Grove Village,,,,2425 Busse Road LLC (CenterSquare ORD2) (IL DCEO)
"4513 Western Avenue LLC (CenterSquare ORD4) · Lisle, IL",IL,,Lisle,,,,4513 Western Avenue LLC (CenterSquare ORD4) (IL DCEO)
"Oracle America · Elk Grove Village, IL",IL,,Elk Grove Village,,,,"Oracle America, Inc. (IL DCEO)"
"HydraVault · Chicago, IL",IL,,Chicago,,,,HydraVault LLC (IL DCEO)
"EdgeConnex · Elk Grove Village, IL",IL,,Elk Grove Village,,,,"EdgeConnex, Inc. (IL DCEO)"
"SDC CHI III · Elk Grove Village, IL",IL,,Elk Grove Village,,,,"SDC CHI III, LLC (IL DCEO)"
