ts,gw_requested,gw_approved,gw_observed_peak,source_url
2023-12-11,39.238,3.188,2.432,https://www.ercot.com/files/docs/2023/12/08/LLI%20Queue%20Status%20Update%20-%202023-12-11.pdf
2024-01-25,39.271,4.479,2.587,https://www.ercot.com/files/docs/2024/02/06/LLI-Queue-Status-Update-2024-1-25.pdf
2024-04-01,40.808,4.479,2.844,https://www.ercot.com/files/docs/2024/03/26/LLI%20Queue%20Status%20Update%20-%202024-4-1.pdf
2024-05-06,41.492,4.479,2.902,https://www.ercot.com/files/docs/2024/05/05/LLI%20Queue%20Status%20Update%20-%202024_5_2.pdf
2024-06-03,43.683,5.479,2.991,https://www.ercot.com/files/docs/2024/06/02/LLI%20Queue%20Status%20Update%20-%202024-6-3.pdf
2024-07-08,47.879,5.479,3.065,https://www.ercot.com/files/docs/2024/07/05/LLI%20Queue%20Status%20Update%20-%202024-7-8.pdf
2024-08-05,52.515,5.481,3.173,https://www.ercot.com/files/docs/2024/08/07/04-lli-queue-status-update-2024-8-5.pdf
2024-09-06,56.954,5.496,3.282,https://www.ercot.com/files/docs/2024/09/05/LLI%20Queue%20Status%20Update%20-%202024-9-6.pdf
2024-12-31,63.0,,,https://www.ercot.com/files/docs/2025/01/27/9-1-system-planning-and-weatherization-update.pdf
2025-01-17,80.0,6.306,,https://www.ercot.com/files/docs/2025/01/27/9-1-system-planning-and-weatherization-update.pdf
2025-03-13,99.0,6.306,,https://www.ercot.com/files/docs/2025/04/01/14.2-System-Planning-and-Weatherization-Update.pdf
2025-04-07,108.0,6.306,,https://www.ercot.com/files/docs/2025/04/04/14.2-System-Planning-and-Weatherization-Update-REVISED.pdf
2025-04-28,136.625,6.779,4.616,https://www.ercot.com/files/docs/2025/05/15/ERCOT-Monthly-Operational-Overview-April-2025.pdf
2025-06-02,156.062,6.874,4.616,https://www.ercot.com/files/docs/2025/06/17/ERCOT-Monthly-Operational-Overview-May-2025.pdf
2025-07-17,172.828,6.996,4.616,https://www.ercot.com/files/docs/2025/07/17/ERCOT-Monthly-Operational-Overview-June-2025.pdf
2025-08-15,188.233,7.150,4.616,https://www.ercot.com/files/docs/2025/08/15/ERCOT-Monthly-Operational-Overview-July-2025.pdf
2025-09-22,189.328,7.502,4.616,https://www.ercot.com/files/docs/2025/09/22/ERCOT-Monthly-Operational-Overview-August-2025.pdf
2025-10-17,205.4,7.501,5.234,https://www.ercot.com/files/docs/2025/10/17/ERCOT-Monthly-Operational-Overview-September-2025.pdf
2025-11-17,223.486,7.501,5.3,https://www.ercot.com/files/docs/2025/11/17/ERCOT-Monthly-Operational-Overview-October-2025.pdf
2025-12-16,230.799,7.711,5.315,https://www.ercot.com/files/docs/2025/12/16/ERCOT-Monthly-Operational-Overview-November-2025.pdf
2026-01-15,233.639,8.785,5.724,https://www.ercot.com/files/docs/2026/01/15/ERCOT-Monthly-Operational-Overview-December-2025.pdf
2026-01-21,232.5,8.786,,https://www.ercot.com/files/docs/2026/02/13/ERCOT-Monthly-January-2026-FINAL.pdf
2026-03-13,,9.042,,https://www.ercot.com/files/docs/2026/03/12/March-TAC-Report.pdf
2026-03-26,410.0,,,https://www.ercot.com/files/docs/2026/04/01/ERCOT_LargeLoad_Update_April2026_B-C_-Hearing.pdf
2026-05-13,445.8,9.1,5.9,https://www.ercot.com/files/docs/2026/05/13/ERCOT-Monthly-April-2026-FINAL.pdf
2026-06-18,438.0,,,https://www.ercot.com/files/docs/2026/06/18/ERCOT-Trending-Topic-New-Batch-Connection-Process-for-Large-Electricity-Users.pdf
2026-06-30,474.0,,,https://www.ercot.com/files/docs/2026/07/29/ERCOT-Senate-July-29-Panel-1-Assessing-The-Grid.pdf
