ts,gw_requested,gw_approved,gw_observed_peak,source_url,document,quote_or_derivation
2023-12-11,39.238,3.188,2.432,https://www.ercot.com/files/docs/2023/12/08/LLI%20Queue%20Status%20Update%20-%202023-12-11.pdf,"Large Load Interconnection Status Update, December 11, 2023","Chart 'Tracked Large Load Projects (MW)', Dec-23 snapshot: 30,731 MW standalone + 8,507 MW co-located = 39,238 MW; 'Of the 3,188 MW that have received Approval to Energize, ERCOT has observed a non-simultaneous peak consumption of 2,432 MW'"
2024-01-25,39.271,4.479,2.587,https://www.ercot.com/files/docs/2024/02/06/LLI-Queue-Status-Update-2024-1-25.pdf,"Large Load Interconnection Status Update, January 25, 2024","Chart, Jan-24 snapshot: 30,764 MW standalone + 8,507 MW co-located = 39,271 MW; 'Of the 4,479 MW that have received Approval to Energize, ERCOT has observed a non-simultaneous peak consumption of 2,587 MW.'"
2024-04-01,40.808,4.479,2.844,https://www.ercot.com/files/docs/2024/03/26/LLI%20Queue%20Status%20Update%20-%202024-4-1.pdf,"Large Load Interconnection Status Update & Analytics Update, April 1, 2024","Chart, Mar-24 snapshot: 32,301 MW standalone + 8,507 MW co-located = 40,808 MW; 'Of the 4,479 MW that have received Approval to Energize, ERCOT has observed a non-simultaneous peak consumption of 2,844 MW.'"
2024-05-06,41.492,4.479,2.902,https://www.ercot.com/files/docs/2024/05/05/LLI%20Queue%20Status%20Update%20-%202024_5_2.pdf,"Large Load Interconnection Status Update & Analytics Update, May 6, 2024","Chart, May-24 snapshot: 32,805 MW standalone + 8,687 MW co-located = 41,492 MW; 'Of the 4,479 MW that have received Approval to Energize, ERCOT has observed a non-simultaneous peak consumption of 2,902 MW.'"
2024-06-03,43.683,5.479,2.991,https://www.ercot.com/files/docs/2024/06/02/LLI%20Queue%20Status%20Update%20-%202024-6-3.pdf,"Large Load Interconnection Status Update, June 3, 2024","Tracked large load projects 33,706 MW standalone + 9,977 MW co-located = 43,683 MW; 'Of the 5,479 MW that have received Approval to Energize, ERCOT has observed a non-simultaneous peak consumption of 2,991 MW.'"
2024-07-08,47.879,5.479,3.065,https://www.ercot.com/files/docs/2024/07/05/LLI%20Queue%20Status%20Update%20-%202024-7-8.pdf,"Large Load Interconnection Status Update, July 8, 2024","Tracked 38,581 MW standalone + 9,298 MW co-located = 47,879 MW (report: queue increased by 4,196 MW); 'Of the 5,479 MW that have received Approval to Energize, ERCOT has observed a non-simultaneous peak consumption of 3,065 MW.'"
2024-08-05,52.515,5.481,3.173,https://www.ercot.com/files/docs/2024/08/07/04-lli-queue-status-update-2024-8-5.pdf,"Large Load Interconnection Status Update, August 5, 2024","Chart image (total label), Aug-24 snapshot: 42,647 MW standalone + 9,868 MW co-located = 52,515 MW; 'Of the 5,481 MW that have received Approval to Energize, ERCOT has observed a non-simultaneous peak consumption of 3,173 MW.' (slide 5 says 5,479 MW; slide 6 value used)"
2024-09-06,56.954,5.496,3.282,https://www.ercot.com/files/docs/2024/09/05/LLI%20Queue%20Status%20Update%20-%202024-9-6.pdf,"Large Load Interconnection Status Update, Sep 6, 2024","Chart image (total label), Sep-24 snapshot: 47,069 MW standalone + 9,885 MW co-located = 56,954 MW; 'Of the 5,496 MW that have received Approval to Energize, ERCOT has observed a non-simultaneous peak consumption of 3,282 MW.'"
2024-12-31,63.0,,,https://www.ercot.com/files/docs/2025/01/27/9-1-system-planning-and-weatherization-update.pdf,"ERCOT Board Item 9.1, System Planning and Weatherization Update (February 2025 meeting)","'ERCOT is tracking approximately 80k MW of Large Loads seeking interconnection compared to 63k MW in December.' (approximate; the document gives no day in December, so the row is placed on Dec 31)"
2025-01-17,80.0,6.306,,https://www.ercot.com/files/docs/2025/01/27/9-1-system-planning-and-weatherization-update.pdf,"ERCOT Board Item 9.1, System Planning and Weatherization Update (February 2025 meeting)","'Current Large Load Interconnection Queue (as of January 17, 2025)' - 'ERCOT is tracking approximately 80k MW of Large Loads seeking interconnection' (approximate); 'Of the 6,306 MW that have received Approval to Energize...'"
2025-03-13,99.0,6.306,,https://www.ercot.com/files/docs/2025/04/01/14.2-System-Planning-and-Weatherization-Update.pdf,"ERCOT Board Item 14.2, System Planning and Weatherization Update (April 2025 meeting)","'Current Large Load Interconnection Queue (as of March 13, 2025)' - 'ERCOT is tracking approximately 99k MW of Large Loads seeking interconnection' (approximate); 'Of the 6,306 MW that have received Approval to Energize...'"
2025-04-07,108.0,6.306,,https://www.ercot.com/files/docs/2025/04/04/14.2-System-Planning-and-Weatherization-Update-REVISED.pdf,"ERCOT Board Item 14.2, System Planning and Weatherization Update, revised (April 2025 meeting)","'Current Large Load Interconnection Queue (as of April 7, 2025)' - 'ERCOT is tracking approximately 108k MW of Large Loads seeking interconnection' (approximate); 'Of the 6,306 MW that have received Approval to Energize...'"
2025-04-28,136.625,6.779,4.616,https://www.ercot.com/files/docs/2025/05/15/ERCOT-Monthly-Operational-Overview-April-2025.pdf,"ERCOT Monthly Operational Overview (April 2025), p.9","'Current Large Load Interconnection Queue (as of April 28, 2025)'; table image, 2030 column: Total 136,625 MW, Observed Energized 4,616 MW, Approved to Energize but Not Operational 2,163 MW (approved = 4,616 + 2,163 = 6,779, matching 'Of the 6,779 MW that have received Approval to Energize'). From 2025 ERCOT reports the queue cumulatively through 2030; the 2023-24 updates covered in-service dates through 2027/2028."
2025-06-02,156.062,6.874,4.616,https://www.ercot.com/files/docs/2025/06/17/ERCOT-Monthly-Operational-Overview-May-2025.pdf,"ERCOT Monthly Operational Overview (May 2025), p.9","'Current Large Load Interconnection Queue (as of June 2, 2025) ... ERCOT is tracking approximately 156k MW of Large Loads seeking interconnection' (approximate) ; table image, 2030 column: Total 156,062 MW, Observed Energized 4,616 MW, Approved to Energize but Not Operational 2,258 MW (approved = 6,874, matching 'Of the 6,874 MW that have received Approval to Energize')"
2025-07-17,172.828,6.996,4.616,https://www.ercot.com/files/docs/2025/07/17/ERCOT-Monthly-Operational-Overview-June-2025.pdf,"ERCOT Monthly Operational Overview (June 2025), p.9 (dated by publication; no as-of date given)","Table image, 2030 column: Total 172,828 MW, Observed Energized 4,616 MW, Approved to Energize but Not Operational 2,380 MW (approved = 4,616 + 2,380). The slide text still says 6,874 MW approved."
2025-08-15,188.233,7.150,4.616,https://www.ercot.com/files/docs/2025/08/15/ERCOT-Monthly-Operational-Overview-July-2025.pdf,"ERCOT Monthly Operational Overview (July 2025), p.9 (dated by publication; no as-of date given)","Table image, 2030 column: Total 188,233 MW, Observed Energized 4,616 MW, Approved to Energize but Not Operational 2,534 MW (approved = 7,150, matching 'Of the 7150 MW that have received Approval to Energize')"
2025-09-22,189.328,7.502,4.616,https://www.ercot.com/files/docs/2025/09/22/ERCOT-Monthly-Operational-Overview-August-2025.pdf,"ERCOT Monthly Operational Overview (August 2025), p.9 (dated by publication; no as-of date given)","Table image, 2030 column: Total 189,328 MW, Observed Energized 4,616 MW, Approved to Energize but Not Operational 2,886 MW (approved = 7,502, matching 'Of the 7502 MW that have received Approval to Energize')"
2025-10-17,205.4,7.501,5.234,https://www.ercot.com/files/docs/2025/10/17/ERCOT-Monthly-Operational-Overview-September-2025.pdf,"ERCOT Monthly Operational Overview (September 2025), p.9 (dated by publication; no as-of date given)","Table image, 2030 column: Total 205,400 MW, Observed Energized 5,234 MW, Approved to Energize but Not Operational 2,267 MW (approved = 5,234 + 2,267)"
2025-11-17,223.486,7.501,5.3,https://www.ercot.com/files/docs/2025/11/17/ERCOT-Monthly-Operational-Overview-October-2025.pdf,"ERCOT Monthly Operational Overview (October 2025), p.9 (dated by publication; no as-of date given)","Table image, 2030 column: Total 223,486 MW, Observed Energized 5,300 MW, Approved to Energize but Not Operational 2,201 MW (approved = 5,300 + 2,201)"
2025-12-16,230.799,7.711,5.315,https://www.ercot.com/files/docs/2025/12/16/ERCOT-Monthly-Operational-Overview-November-2025.pdf,"ERCOT Monthly Operational Overview (November 2025), p.9 (dated by publication; no as-of date given)","Table image, 2030 column: Total 230,799 MW, Observed Energized 5,315 MW, Approved to Energize but Not Operational 2,396 MW (approved = 5,315 + 2,396). The slide text still says 7502 MW approved."
2026-01-15,233.639,8.785,5.724,https://www.ercot.com/files/docs/2026/01/15/ERCOT-Monthly-Operational-Overview-December-2025.pdf,"ERCOT Monthly Operational Overview (December 2025), p.9 (dated by publication; no as-of date given)","Table image, 2030 column: Total 233,639 MW, Observed Energized 5,724 MW, Approved to Energize but Not Operational 3,061 MW (approved = 5,724 + 3,061; the slide text says 8787 MW)"
2026-01-21,232.5,8.786,,https://www.ercot.com/files/docs/2026/02/13/ERCOT-Monthly-January-2026-FINAL.pdf,"ERCOT Monthly, January 2026","'As of January 21, 2026 ... proposed large load projects tracked by ERCOT total approximately 232,500 megawatts' (approximate); 'To date, 8,786 MW of large load demand has received approval to energize.'"
2026-03-13,,9.042,,https://www.ercot.com/files/docs/2026/03/12/March-TAC-Report.pdf,"Large Load Interconnection Status Update, March 13, 2026","'Of the 9042 MW that have received Approval to Energize...' (queue total is only in a chart image; the report's peak sentences say 'March 2025', so they are not used)"
2026-03-26,410.0,,,https://www.ercot.com/files/docs/2026/04/01/ERCOT_LargeLoad_Update_April2026_B-C_-Hearing.pdf,"ERCOT Update to Senate Committee on Business & Commerce, April 1, 2026","'Large Load Interconnection Requests (as of March 26, 2026)' - 'ERCOT is tracking approximately 410 GW of Large Loads seeking interconnection of which ~87% are data centers' (approximate)"
2026-05-13,445.8,9.1,5.9,https://www.ercot.com/files/docs/2026/05/13/ERCOT-Monthly-April-2026-FINAL.pdf,"ERCOT Monthly, April 2026 (dated by publication; no as-of date given)","'applications of large loads now totaling 445.8 gigawatts (GW) by 2033' ; 'ERCOT has 5.9 GW of Observed Energized Large Loads, with another 3.2 GW of loads that have Approval to Energize but are not Operational' (approved = 5.9 + 3.2)"
2026-06-18,438.0,,,https://www.ercot.com/files/docs/2026/06/18/ERCOT-Trending-Topic-New-Batch-Connection-Process-for-Large-Electricity-Users.pdf,"ERCOT Trending Topic, June 18, 2026","'As of mid-2026, large users totaling more than 438,000 MW of proposed demand had entered ERCOT's connection queue' (lower bound)"
2026-06-30,474.0,,,https://www.ercot.com/files/docs/2026/07/29/ERCOT-Senate-July-29-Panel-1-Assessing-The-Grid.pdf,"ERCOT, Senate hearing July 29, 2026, Panel 1 'Assessing the Grid', p.5","'Large Load Interconnection Requests (as of June 2026)' - 'ERCOT is tracking approximately 474 GW of Large Loads seeking interconnection, of which ~90% are data centers' (approximate; chart covers 2022-2033; the document gives no day in June, so the row is placed on Jun 30)"
