company,mou_year,site_location,investment_commitment_usd,est_tax_benefits_usd,new_jobs,underserved,report_page,address_from_report,address_quote,lat,lon,note
"Digital Realty Trust, LP",2020,Franklin Park,404482346,25280147,20,Y,8,9401 West Grand Avenue,"existing data center campus that includes 9333, 9355, 9377, and 9401 West Grand Avenue and 2550 South Martens Street",41.929375,-87.861638,
STACK Infrastructure,2020,Elk Grove Village,250000000,15625000,20,N,8,,,,,
NTT Global Data Centers,2020,Itasca,276000000,17250000,20,N,8,,,,,
"T5@Chicago II, LLC",2020,Elk Grove Village,250000000,15625000,20,N,8,,,,,
"Coresite, L.P.",2020,Chicago,250000000,15625000,20,N,8,,,,,
Microsoft Corporation,2020,Elk Grove Village,252000000,15750000,20,N,8,,,,,
Microsoft Corporation,2021,Northlake,388134927,24258433,20,N,8,,,,,
Microsoft Corporation,2021,Hoffman Estates,275000000,17187500,20,N,8,,,,,
Quality Technology Service (QTS),2021,Chicago,250000000,15625000,20,N,8,,,,,
Goldframe LLC,2021,DeKalb,800000000,50000000,50,Y,8,,,,,
"SDC CHI I, LLC",2021,Elk Grove Village,250000000,15625000,20,Y,8,,,,,
Aligned Data Centers,2021,Northlake,252500000,15781250,20,N,8,,,,,"2024 report lists the commitment as $252,000,000"
"Digital Realty Trust, LP",2021,Elk Grove Village,280608349,17538022,29,Y,8,,,,,"2021 report lists the commitment as $280,608,348"
CyrusOne (C1 Chicago),2022,Aurora,250000000,15625000,20,N,8,,,,,
"SDC CHI II Busse, LLC",2022,Elk Grove Village,250000000,15625000,20,Y,8,,,,,
"MEDP Mission Critical Facility, LLC dba Metro Edge",2023,Chicago,257123954,16070247,20,Y,8,,,,,
Elk Grove Village Property LLC (Phase 1),2023,Elk Grove Village,517200000,32325000,20,N,8,1650 Higgins Road,"The official address for the facility has been revised from 1701 Midway Court, Elk Grove Village, Illinois 60007 to 1650 Higgins Road",,,
"Serverfarm LLC dba SF CH1, LLC",2023,Chicago,285000000,17812500,29,Y,8,,,,,
"EdgeConneX, Inc.",2023,Elk Grove Village,250000000,15625000,20,Y,8,,,,,
"Aligned Data Centers (EGV) PropCo, LLC",2023,Elk Grove Village,285000000,17812500,21,N,8,,,,,
Chirisa Volo LLC,2023,Volo,262000000,16375000,20,N,8,,,,,
Equinix LLC,2024,Elk Grove Village,250000000,15625000,20,Y,8,,,,,
"Iron Mountain Data Centers, LLC",2024,Des Plaines,320000000,20000000,22,Y,9,,,,,
"T5@Chicago III, LP",2024,Northlake,252000000,15750000,20,N,9,,,,,
C1 Chicago Aurora III LLC,2024,Aurora,250000000,15625000,20,Y,9,,,,,
C1 Chicago 1 LLC - C1 Chicago 2 LLC,2024,Wood Dale,250000000,15625000,20,N,9,,,,,
C1 Yorkville LLC,2024,Yorkville,250000000,15625000,20,N,9,,,,,
"T5@Chicago IV, LP",2025,Grayslake,250000000,15625000,20,N,9,,,,,
2425 Busse Road LLC (CenterSquare ORD2),2025,Elk Grove Village,274152813,17134551,20,Y,9,,,,,
4513 Western Avenue LLC (CenterSquare ORD4),2025,Lisle,258374703,16148419,20,Y,9,,,,,
"Oracle America, Inc.",2025,Elk Grove Village,555000000,34687500,20,N,9,,,,,
HydraVault LLC,2025,Chicago,270000000,16875000,20,Y,9,,,,,
"EdgeConnex, Inc.",2025,Elk Grove Village,501238000,31327375,20,Y,9,,,,,
"SDC CHI III, LLC",2025,Elk Grove Village,450000000,28125000,20,Y,9,,,,,
