company,mou_year,city,organization,organization_basis,status,project,match_basis,possible_mapped_duplicates,mapped_sites_same_org
"Digital Realty Trust, LP",2020,Franklin Park,Digital Realty,name starts with Digital Realty,attached_to_mapped_site,"Digital Realty Chicago ORD12 · Cook, IL","same organization, 228 m from the record's address",5,"Digital Realty ORD11 · Cook, IL | Digital Realty Chicago ORD12 · Cook, IL | Digital Realty CH1 · Cook, IL | Digital Realty CH3 · Cook, IL | Digital Realty CH2 · Cook, IL"
STACK Infrastructure,2020,Elk Grove Village,Stack Infrastructure,same name as an existing organization,own_project,"STACK Infrastructure · Elk Grove Village, IL",the record states no address,1,"STACK Chicago CHI01 · Cook, IL"
NTT Global Data Centers,2020,Itasca,NTT,names NTT Global,own_project,"NTT Global Data Centers · Itasca, IL",the record states no address,4,"NTT Chicago CH3 · DuPage, IL | NTT Chicago CH1 · DuPage, IL | NTT Chicago CH2 · DuPage, IL | NTT Chicago CH4 · DuPage, IL"
"T5@Chicago II, LLC",2020,Elk Grove Village,T5 Data Centers,names T5@Chicago,own_project,"T5@Chicago II · Elk Grove Village, IL",the record states no address,1,"T5 Chicago II · Cook, IL"
"Coresite, L.P.",2020,Chicago,CoreSite,same name as an existing organization,own_project,"Coresite · Chicago, IL",the record states no address,2,"CoreSite Chicago Data Center (CH2) · Cook, IL | CoreSite Chicago Data Center (CH1) · Cook, IL"
Microsoft Corporation,2020,Elk Grove Village,Microsoft,names Microsoft,own_project,"Microsoft · Elk Grove Village, IL",the record states no address,1,"Microsoft - Azure Datacenter · Cook, IL"
Microsoft Corporation,2021,Northlake,Microsoft,names Microsoft,own_project,"Microsoft · Northlake, IL",the record states no address,1,"Microsoft - Azure Datacenter · Cook, IL"
Microsoft Corporation,2021,Hoffman Estates,Microsoft,names Microsoft,own_project,"Microsoft · Hoffman Estates, IL",the record states no address,1,"Microsoft - Azure Datacenter · Cook, IL"
Quality Technology Service (QTS),2021,Chicago,Quality Technology Services,names (QTS),own_project,"Quality Technology Service (QTS) · Chicago, IL",the record states no address,1,"QTS Chicago · Cook, IL"
Goldframe LLC,2021,DeKalb,,no organization named in the record,own_project,"Goldframe · DeKalb, IL",no organization to compare,0,
"SDC CHI I, LLC",2021,Elk Grove Village,,no organization named in the record,own_project,"SDC CHI I · Elk Grove Village, IL",no organization to compare,0,
Aligned Data Centers,2021,Northlake,Aligned,name starts with Aligned,own_project,"Aligned Data Centers · Northlake, IL",the record states no address,2,"Aligned Data Center - Chicago ORD-02 · Cook, IL | Aligned Data Center - Chicago ORD-01 · Cook, IL"
"Digital Realty Trust, LP",2021,Elk Grove Village,Digital Realty,name starts with Digital Realty,own_project,"Digital Realty Trust · Elk Grove Village, IL",the record states no address,5,"Digital Realty ORD11 · Cook, IL | Digital Realty Chicago ORD12 · Cook, IL | Digital Realty CH1 · Cook, IL | Digital Realty CH3 · Cook, IL | Digital Realty CH2 · Cook, IL"
CyrusOne (C1 Chicago),2022,Aurora,CyrusOne,name starts with CyrusOne,own_project,"CyrusOne (C1 Chicago) · Aurora, IL",the record states no address,1,"CyrusOne Chicago Aurora CME · DuPage, IL"
"SDC CHI II Busse, LLC",2022,Elk Grove Village,,no organization named in the record,own_project,"SDC CHI II Busse · Elk Grove Village, IL",no organization to compare,0,
"MEDP Mission Critical Facility, LLC dba Metro Edge",2023,Chicago,,no organization named in the record,own_project,"MEDP Mission Critical Facility, LLC dba Metro Edge · Chicago, IL",no organization to compare,0,
Elk Grove Village Property LLC (Phase 1),2023,Elk Grove Village,,no organization named in the record,own_project,"Elk Grove Village Property LLC (Phase 1) · Elk Grove Village, IL",no organization to compare,0,
"Serverfarm LLC dba SF CH1, LLC",2023,Chicago,Serverfarm,name starts with Serverfarm,own_project,"Serverfarm LLC dba SF CH1 · Chicago, IL",the record states no address,1,"Serverfarm CH1 · Cook, IL"
"EdgeConneX, Inc.",2023,Elk Grove Village,EdgeConneX,same name as an existing organization,own_project,"EdgeConneX · Elk Grove Village, IL",the record states no address,2,"EdgeConneX CHI01 · Cook, IL | EdgeConneX CHI02 · Cook, IL"
"Aligned Data Centers (EGV) PropCo, LLC",2023,Elk Grove Village,Aligned,name starts with Aligned,own_project,"Aligned Data Centers (EGV) PropCo · Elk Grove Village, IL",the record states no address,2,"Aligned Data Center - Chicago ORD-02 · Cook, IL | Aligned Data Center - Chicago ORD-01 · Cook, IL"
Chirisa Volo LLC,2023,Volo,,no organization named in the record,own_project,"Chirisa Volo · Volo, IL",no organization to compare,0,
Equinix LLC,2024,Elk Grove Village,Equinix,same name as an existing organization,own_project,"Equinix · Elk Grove Village, IL",the record states no address,2,"Equinix Chicago CH3 · Cook, IL | Equinix Chicago Data CH7 · DuPage, IL"
"Iron Mountain Data Centers, LLC",2024,Des Plaines,Iron Mountain,name starts with Iron Mountain,own_project,"Iron Mountain Data Centers · Des Plaines, IL",the record states no address,1,"Iron Mountain Data & Record Storage · Cook, IL"
"T5@Chicago III, LP",2024,Northlake,T5 Data Centers,names T5@Chicago,own_project,"T5@Chicago III · Northlake, IL",the record states no address,1,"T5 Chicago II · Cook, IL"
C1 Chicago Aurora III LLC,2024,Aurora,,no organization named in the record,own_project,"C1 Chicago Aurora III · Aurora, IL",no organization to compare,0,
C1 Chicago 1 LLC - C1 Chicago 2 LLC,2024,Wood Dale,,no organization named in the record,own_project,"C1 Chicago 1 LLC - C1 Chicago 2 · Wood Dale, IL",no organization to compare,0,
C1 Yorkville LLC,2024,Yorkville,,no organization named in the record,own_project,"C1 Yorkville · Yorkville, IL",no organization to compare,0,
"T5@Chicago IV, LP",2025,Grayslake,T5 Data Centers,names T5@Chicago,own_project,"T5@Chicago IV · Grayslake, IL",the record states no address,1,"T5 Chicago II · Cook, IL"
2425 Busse Road LLC (CenterSquare ORD2),2025,Elk Grove Village,Centersquare,names (CenterSquare,own_project,"2425 Busse Road LLC (CenterSquare ORD2) · Elk Grove Village, IL",the record states no address,2,"Centersquare Lisle ORD4 Data Center · DuPage, IL | Centersquare Elk Grove Village Data Center Campus ORD2 · DuPage, IL"
4513 Western Avenue LLC (CenterSquare ORD4),2025,Lisle,Centersquare,names (CenterSquare,own_project,"4513 Western Avenue LLC (CenterSquare ORD4) · Lisle, IL",the record states no address,2,"Centersquare Lisle ORD4 Data Center · DuPage, IL | Centersquare Elk Grove Village Data Center Campus ORD2 · DuPage, IL"
"Oracle America, Inc.",2025,Elk Grove Village,Oracle,names Oracle,own_project,"Oracle America · Elk Grove Village, IL",the record states no address,0,
HydraVault LLC,2025,Chicago,,no organization named in the record,own_project,"HydraVault · Chicago, IL",no organization to compare,0,
"EdgeConnex, Inc.",2025,Elk Grove Village,EdgeConneX,same name as an existing organization,own_project,"EdgeConnex · Elk Grove Village, IL",the record states no address,2,"EdgeConneX CHI01 · Cook, IL | EdgeConneX CHI02 · Cook, IL"
"SDC CHI III, LLC",2025,Elk Grove Village,,no organization named in the record,own_project,"SDC CHI III · Elk Grove Village, IL",no organization to compare,0,
