project_id,recipient,city,county,contract_date,status,organization,organization_basis,loaded,match_basis,possible_mapped_duplicates,mapped_sites_same_org
423333,Blocke LLC,Jeffersonville,Clark,2023-12-11,executed,,no organization named in the record,own_project,IEDC publishes no address,0,
420889,Jumping Bison LLC,Wilmington,Decatur,2024-12-19,executed,,no organization named in the record,own_project,IEDC publishes no address,0,
424313,Hatchworks LLC,Ft. Wayne,Allen,2024-01-26,executed,,no organization named in the record,own_project,IEDC publishes no address,0,
424557,Orla LLC,Lebanon,Boone,2024-12-19,executed,,no organization named in the record,own_project,IEDC publishes no address,0,
423626,"Digital Egg Investments, LLC",Peru,Miami,2023-07-18,executed,,no organization named in the record,own_project,IEDC publishes no address,0,
423583,"Digital Egg Investments, LLC",Rochester,Fulton,2023-06-22,executed,,no organization named in the record,own_project,IEDC publishes no address,0,
419963,"DX Hammond Opco, LLC",Indianapolis,Lake,2019-04-17,postTermReportingPeriod,,no organization named in the record,own_project,IEDC publishes no address,0,
425828,Woodland Caribou LLC,Monrovia,Morgan,2025-11-06,executed,,no organization named in the record,own_project,IEDC publishes no address,0,
427314,Lavender Fields Holdings LLC,Michigan City,LaPorte,2025-11-06,executed,,no organization named in the record,own_project,IEDC publishes no address,0,
427651,"Amazon Data Services, Inc.",Hobart,Lake,2026-05-20,executed,Amazon,names Amazon,own_project,IEDC publishes no address,0,
427753,Terra Industry LLC,Hillsdale,Vermillion,2026-08-18,executed,,no organization named in the record,own_project,IEDC publishes no address,0,
425481,Microsoft Corporation,LaPorte,LaPorte,,pendingAcceptedOffer,Microsoft,names Microsoft,not loaded: contract not executed,IEDC publishes no address,0,
424567,"Amazon Data Services, Inc.",New Carlisle,St. Joseph,2024-11-08,executed,Amazon,names Amazon,own_project,IEDC publishes no address,0,
