data_center_name,company,city,type,status,list_date
DataBank MSP III,"DataBank Holdings, LTD",Brooklyn Park,New,Certified,2026-07-15
ViaWest Data Center - Chaska,ViaWest,Chaska,New,Certified,2026-07-15
Stream,"IP Stream Minneapolis, LLC",Chaska,New,Certified,2026-07-15
UHG - Chaska,United Health Group,Chaska,New,Certified,2026-07-15
Stream II,"IP Stream Minneapolis II, LLC",Chaska,New,Certified,2026-07-15
Involta,"Involta, LLC",Duluth,New,Certified,2026-07-15
DataBank,DataBank,Eagan,New,Certified,2026-07-15
EdgeConneX,EdgeConneX,Eden Prairie,New,Certified,2026-07-15
General Mills II,General Mills,Golden Valley,New,Certified,2026-07-15
Cologix - Suite 200,"Cologix, Inc",Minneapolis,New,Certified,2026-07-15
Legacy 1001 Minneapolis Venture,"Legacy 1001 Minneapolis Venture, LLC",Minneapolis,New,Certified,2026-07-15
C.H. Robinson,C.H. Robinson,Oronoco,New,Certified,2026-07-15
Prudential Data Center,Prudential,Plymouth,New,Certified,2026-07-15
Epic Hosting,"Epic Hosting, LLC",Rochester,New,Certified,2026-07-15
Compass Data Center,Compass,Shakopee,New,Certified,2026-07-15
Irongate - Woodbury,Irongate,Woodbury,New,Certified,2026-07-15
Land-O-Lakes,Land-O-Lakes,Arden Hills,Refurbishment,Certified,2026-07-15
Best Buy Data Center,"Best Buy Company, INC",Bloomington,Refurbishment,Certified,2026-07-15
Toro Company,Toro Company,Bloomington,Refurbishment,Certified,2026-07-15
Target-Brooklyn Park,Target Corporation,Brooklyn Park,Refurbishment,Certified,2026-07-15
Centra Digital,CADC MSP01 LLC,Eagan,Refurbishment,Certified,2026-07-15
BCBSM,Blue Cross Blue Shield of Minnesota,Eagan,Refurbishment,Certified,2026-07-15
Ecolab,"Ecolab, Inc.",Eagan,Refurbishment,Certified,2026-07-15
Irongate - MSP3,Eagan Capital LLC,Eagan,Refurbishment,Certified,2026-07-15
Valley View Data Center,SuperValu,Eden Prairie,Refurbishment,Certified,2026-07-15
One Neck,One Neck IT Solutions,Eden Prairie,Refurbishment,Certified,2026-07-15
UHG - Elk River,United Health Group,Elk River,Refurbishment,Certified,2026-07-15
Target-Elk River,Target Corporation,Elk River,Refurbishment,Certified,2026-07-15
St. Jude Medical,St. Jude Medical,Little Canada,Refurbishment,Certified,2026-07-15
3M,3M,Maplewood,Refurbishment,Certified,2026-07-15
"HealthPartners, Inc.","HealthPartners, Inc.",Mendota Heights,Refurbishment,Certified,2026-07-15
General Mills I,General Mills,Minneapolis,Refurbishment,Certified,2026-07-15
Wells Fargo Bank N.A. - Minneapolis,Wells Fargo Bank N.A.,Minneapolis,Refurbishment,Certified,2026-07-15
Xcel Energy,Xcel Energy,Minneapolis,Refurbishment,Certified,2026-07-15
"MoneyGram Payment Systems, Inc.","MoneyGram Payment Systems, Inc.",Minneapolis,Refurbishment,Certified,2026-07-15
111 Washington Ave S.,TCF National Bank & Voya Services Company,Minneapolis,Refurbishment,Certified,2026-07-15
UHG - Plymouth,"United HealthCare Services, Inc",Plymouth,Refurbishment,Certified,2026-07-15
Wells Fargo Bank N.A. - Shoreview,Wells Fargo Bank N.A.,Shoreview,Refurbishment,Certified,2026-07-15
U.S. Bank N.A. - St. Paul,U.S. Bank N.A.,St. Paul,Refurbishment,Certified,2026-07-15
Fastenal,Fastenal Comapany,Winona,Refurbishment,Certified,2026-07-15
"Medtronic, Inc","Medtronic, Inc",Woodbury,Refurbishment,Certified,2026-07-15
Irongate - MSP2,Eden Ventures LLC,Woodbury,Refurbishment,Certified,2026-07-15
