data_center_name,company,city,organization,organization_basis,status,match_basis,possible_mapped_duplicates,mapped_sites_same_org
DataBank MSP III,"DataBank Holdings, LTD",Brooklyn Park,DataBank,name starts with DataBank,own_project,the list states no address,0,
ViaWest Data Center - Chaska,ViaWest,Chaska,,no organization named in the record,own_project,the list states no address,0,
Stream,"IP Stream Minneapolis, LLC",Chaska,,no organization named in the record,own_project,the list states no address,0,
UHG - Chaska,United Health Group,Chaska,,no organization named in the record,own_project,the list states no address,0,
Stream II,"IP Stream Minneapolis II, LLC",Chaska,,no organization named in the record,own_project,the list states no address,0,
Involta,"Involta, LLC",Duluth,Involta,same name as an existing organization,own_project,the list states no address,0,
DataBank,DataBank,Eagan,DataBank,same name as an existing organization,own_project,the list states no address,0,
EdgeConneX,EdgeConneX,Eden Prairie,EdgeConneX,same name as an existing organization,own_project,the list states no address,0,
General Mills II,General Mills,Golden Valley,,no organization named in the record,own_project,the list states no address,0,
Cologix - Suite 200,"Cologix, Inc",Minneapolis,Cologix,same name as an existing organization,own_project,the list states no address,0,
Legacy 1001 Minneapolis Venture,"Legacy 1001 Minneapolis Venture, LLC",Minneapolis,,no organization named in the record,own_project,the list states no address,0,
C.H. Robinson,C.H. Robinson,Oronoco,,no organization named in the record,own_project,the list states no address,0,
Prudential Data Center,Prudential,Plymouth,,no organization named in the record,own_project,the list states no address,0,
Epic Hosting,"Epic Hosting, LLC",Rochester,,no organization named in the record,own_project,the list states no address,0,
Compass Data Center,Compass,Shakopee,,no organization named in the record,own_project,the list states no address,0,
Irongate - Woodbury,Irongate,Woodbury,,no organization named in the record,own_project,the list states no address,0,
Land-O-Lakes,Land-O-Lakes,Arden Hills,,no organization named in the record,own_project,the list states no address,0,
Best Buy Data Center,"Best Buy Company, INC",Bloomington,,no organization named in the record,own_project,the list states no address,0,
Toro Company,Toro Company,Bloomington,,no organization named in the record,own_project,the list states no address,0,
Target-Brooklyn Park,Target Corporation,Brooklyn Park,,no organization named in the record,own_project,the list states no address,0,
Centra Digital,CADC MSP01 LLC,Eagan,,no organization named in the record,own_project,the list states no address,0,
BCBSM,Blue Cross Blue Shield of Minnesota,Eagan,,no organization named in the record,own_project,the list states no address,0,
Ecolab,"Ecolab, Inc.",Eagan,,no organization named in the record,own_project,the list states no address,0,
Irongate - MSP3,Eagan Capital LLC,Eagan,,no organization named in the record,own_project,the list states no address,0,
Valley View Data Center,SuperValu,Eden Prairie,,no organization named in the record,own_project,the list states no address,0,
One Neck,One Neck IT Solutions,Eden Prairie,,no organization named in the record,own_project,the list states no address,0,
UHG - Elk River,United Health Group,Elk River,,no organization named in the record,own_project,the list states no address,0,
Target-Elk River,Target Corporation,Elk River,,no organization named in the record,own_project,the list states no address,0,
St. Jude Medical,St. Jude Medical,Little Canada,,no organization named in the record,own_project,the list states no address,0,
3M,3M,Maplewood,,no organization named in the record,own_project,the list states no address,0,
"HealthPartners, Inc.","HealthPartners, Inc.",Mendota Heights,,no organization named in the record,own_project,the list states no address,0,
General Mills I,General Mills,Minneapolis,,no organization named in the record,own_project,the list states no address,0,
Wells Fargo Bank N.A. - Minneapolis,Wells Fargo Bank N.A.,Minneapolis,Wells Fargo Bank,same name as an existing organization,own_project,the list states no address,0,
Xcel Energy,Xcel Energy,Minneapolis,,no organization named in the record,own_project,the list states no address,0,
"MoneyGram Payment Systems, Inc.","MoneyGram Payment Systems, Inc.",Minneapolis,,no organization named in the record,own_project,the list states no address,0,
111 Washington Ave S.,TCF National Bank & Voya Services Company,Minneapolis,,no organization named in the record,own_project,the list states no address,0,
UHG - Plymouth,"United HealthCare Services, Inc",Plymouth,,no organization named in the record,own_project,the list states no address,0,
Wells Fargo Bank N.A. - Shoreview,Wells Fargo Bank N.A.,Shoreview,Wells Fargo Bank,same name as an existing organization,own_project,the list states no address,0,
U.S. Bank N.A. - St. Paul,U.S. Bank N.A.,St. Paul,,no organization named in the record,own_project,the list states no address,0,
Fastenal,Fastenal Comapany,Winona,,no organization named in the record,own_project,the list states no address,0,
"Medtronic, Inc","Medtronic, Inc",Woodbury,,no organization named in the record,own_project,the list states no address,0,
Irongate - MSP2,Eden Ventures LLC,Woodbury,,no organization named in the record,own_project,the list states no address,0,
