source_id,name,role,evidence_type,states,granularity,format,license,url,uncloak_status,verification,notes
TX_COMPTROLLER,Texas Comptroller data-center registry,incentive_registry,certified,TX,site,HTML table,public record,https://comptroller.texas.gov/taxes/data-centers/data-center-lists.php,loaded,cell-checked 2026-09-26,No addresses; 167 rows
TX_TDLR,TDLR TABS project search,building_record,building_registered,TX,building,HTML/CSV,public record,https://www.tdlr.texas.gov/TABS/Search,loaded,cell-checked 2026-09-26,381 keyword-matched projects
TX_TCEQ,TCEQ air permits,air_permit,permit_filed,TX,permit,PDF/bulk CSV,public record,https://records.tceq.texas.gov,loaded (5 reviewed),document-reviewed,Bulk importer exists (etl/load_tceq.py)
ERCOT_LLI,ERCOT large-load interconnection updates,load_queue,queue_total,TX,region total,PDF,public record,https://www.ercot.com,loaded,quote-checked,27 dated totals of all large loads; data-center share stated only 2026-03-26 (~87%) and 2026-06 (~90%)
IM3_ATLAS,PNNL IM3 Open Source Data Center Atlas v2026.02.09,location_layer,site_location,US,site footprint,GIS/CSV,ODbL,https://data.msdlive.org/records/65g71-a4731,loaded (data/seed_national via etl/import_im3_atlas.py),downloaded 2026-09-26 via GitHub IMMM-SFA/datacenter-atlas gh-pages (deploy 2026-03-31),1382 sites in 45 states + DC + PR; operator 894; sqft 1288
IM3_PROJECTED,IM3 Projected US Data Center Locations,context_model,none,US,modeled cell,GIS,CC-BY-4.0,https://data.msdlive.org/records/8fd09-xhn32,candidate,downloaded 2026-09-26 via GitHub gh-pages projected/,24 scenario files; context only never evidence
OSM_DC,OpenStreetMap telecom=data_center / building=data_center,location_layer,site_location,US,site,Overpass API,ODbL,https://wiki.openstreetmap.org/wiki/Tag:telecom=data_center,candidate,search-described,About 1553 US features (third-party count Apr 2026)
PEERINGDB_FAC,PeeringDB facilities,location_layer,site_location,US,facility,JSON API,PeeringDB AUP,https://www.peeringdb.com/apidocs/,candidate,search-described,Colocation/interconnection facilities with operator names
EPOCH_FRONTIER,Epoch AI Frontier Data Centers,capacity_estimate,capacity_modeled,US (+intl),campus,CSV,CC-BY,https://epoch.ai/data/data-centers-documentation,candidate,search-described,Owner + estimated MW + timeline for largest AI campuses
FRACTRACKER_DC,FracTracker U.S. Data Centers Tracker,lead_list,none,US,site,ArcGIS/CSV,non-commercial with credit,https://fractracker.org/2026/04/open-u-s-data-centers-tracker/,candidate,search-described,FOIA-derived permitted/proposed sites; use as leads
IL_DCEO,Illinois DCEO Data Center Investment Program annual reports,incentive_registry,certified,IL,site,PDF (annual 2020-2025),public record,https://dceo.illinois.gov/content/dam/soi/en/web/dceo/aboutdceo/reportsrequiredbystatute/2025-data-centers-annual-report.pdf,candidate,search-described,Dated annual series
IN_IEDC,Indiana IEDC data center sales-tax exemption,incentive_registry,certified,IN,project,portal,public record,https://iedc.in.gov/indiana-advantages/investments/data-center-sales-tax-exemption/overview,candidate,search-described,Amounts in IEDC transparency portal
MN_DOR,Minnesota Qualified Data Centers,incentive_registry,certified,MN,site,HTML list,public record,https://www.revenue.state.mn.us/qualified-data-centers,candidate,search-described,41 centers (15 new / 26 refurbished)
OH_TCA,Ohio Tax Credit Authority data-center exemptions,incentive_registry,certified,OH,project,board minutes/PDF,public record,https://codes.ohio.gov/ohio-revised-code/section-122.175,candidate,search-described,New exemptions paused June 2026
NV_GOED,Nevada GOED data-center abatements,incentive_registry,certified,NV,project,board agendas/PDF,public record,https://goed.nv.gov/notices-and-agendas/goed-board-meeting/,candidate,search-described,15 approvals since 2015; program narrowed Sep 2026
WA_DOR,Washington DOR tax-incentive public disclosure,incentive_registry,certified,WA,business,interactive/CSV,public record,https://dor.wa.gov/about/statistics-reports/tax-incentive-public-disclosure-survey-data,candidate,search-described,Business + amount; no site address
WI_WEDC,Wisconsin Data Center Sales and Use Tax Exemption,incentive_registry,certified,WI,site,HTML/PDF,public record,https://www.revenue.wi.gov/Pages/FAQS/ExemptionforQualifiedDataCenter.aspx,candidate,search-described,Certified list on DOR FAQ
AZ_ACA,Arizona Computer Data Center Program,incentive_registry,certified,AZ,site,HTML/PDF,public record,https://www.azcommerce.com/incentives/computer-data-center-program/,candidate,search-described,Applications closed 2023-12-31 (static list)
PA_DOR,Pennsylvania Computer Data Center Equipment Program report,incentive_registry,certified,PA,unknown,PDF (annual),public record,https://www.pa.gov/content/dam/copapwp-pagov/en/revenue/documents/news-and-statistics/reportsstats/taxcredits/computerdatactrequipprogram/documents/2025_computer_data_ctr_equip_pgm.pdf,candidate,unconfirmed per-site detail,Check whether report names sites
CT_DECD,Connecticut Data Center Tax Incentive Program,incentive_registry,certified,CT,unknown,unknown,public record,https://portal.ct.gov/decd/content/business-development/data-infrastructure-administration-and-security/office-of-data-infrastructure-administration-and-security,candidate,unconfirmed publication location,Named as disclosing by Good Jobs First
GA_DOR_COUNTY,Georgia DOR data-center exemption aggregates by county,context_aggregate,none,GA,county,HTML table,public record,https://dor.georgia.gov/data-centers-sales-use-tax-exemption-aggregate-expenditures-county,candidate,search-described,County totals only; no names
VA_DEQ_AIR,Virginia DEQ Issued Air Permits for Data Centers,air_permit,permit_filed,VA,permit,HTML list + PDFs,public record,https://www.deq.virginia.gov/news-info/shortcuts/permits/air/issued-air-permits-for-data-centers,candidate (priority),search-described,177 permits as of Nov 2024
MD_MDE_AIR,Maryland MDE data-center air permits,air_permit,permit_filed,MD,permit,PDF,public record,https://mde.maryland.gov/datacenters/Pages/FrederickDataCenter.aspx,candidate,search-described,Quantum Frederick campus permits
EPA_ECHO_518210,EPA ECHO Clean Air Act facilities NAICS 518210,air_permit,permit_filed,US,facility,REST API / bulk,public domain,https://echo.epa.gov/help/facility-search/search-criteria-help,candidate,search-described,Minor-source permits may be absent; absence is not evidence
GA_POWER_LLED,Georgia Power Large Load Economic Development Reports,load_queue,queue_total,GA,utility total,PDF (quarterly),public record,https://psc.ga.gov/search/facts-document/?documentId=226607,candidate,search-described,15.6 GW committed / 32 customers (Apr 2026); store data-center-attributed figures only
PJM_LOAD_FCST,PJM Long-Term Load Forecast + zone large-load adjustments,load_queue,queue_total,PJM (13 states + DC),transmission zone,PDF (annual),public record,https://www.pjm.com/-/media/DotCom/library/reports-notices/load-forecast/2026-load-report.pdf,candidate,search-described,14 zones with data-center adjustments in 2026; store data-center-attributed figures only
MISO_LLA,MISO large load additions / EPR,load_queue,queue_total,MISO (15 states),request batch,PDF,public record,https://www.misoenergy.org/planning/large-loads---container-page/large-load-additions/,candidate,search-described,No consolidated total published; store data-center-attributed figures only
FERC_RM26_4,FERC RM26-4 large-load interconnection docket + RTO compliance filings,load_queue,queue_total,US RTOs,RTO,eLibrary filings,public record,https://www.ferc.gov/rm26-4,watch,search-described,June 2026 show-cause orders; 60-day responses
EIA_860M,EIA-860M operating generator capacity,spare_capacity,none,US,generator,JSON API,public domain,https://api.eia.gov/v2/electricity/operating-generator-capacity,spare-capacity track only; NAICS 518 plants used as data-center evidence,downloaded 2026-09-26 via PUDL nightly (s3 pudl.catalyst.coop),Through 2026-07; 17 plants with NAICS 518 primary purpose
EPA_CAMPD,EPA CAMPD hourly unit emissions/load,spare_capacity,none,US,unit-hour,JSON API,public domain,https://api.epa.gov/easey,spare-capacity track only,reachable 2026-09-26 via PUDL nightly core_epacems__hourly_emissions.parquet (4.9 GB),Fossil units only
CENSUS_CBP_518210,Census County Business Patterns NAICS 518210,context_aggregate,none,US,county,JSON API,public domain,https://www.census.gov/data/developers/data-sets/cbp-zbp/cbp-api.html,candidate,search-described,Establishment denominators per county
EIA_DC_PILOT,EIA data center energy pilot survey,context_aggregate,none,"TX, WA, VA/DC",company,none yet,public domain,https://www.publicpower.org/periodical/article/eia-launches-pilot-survey-energy-use-data-centers,watch,search-described,Pilot launched March 2026; no public results
LOUDOUN_GEOHUB,Loudoun County GeoHub,building_record,building_registered,VA (Loudoun),parcel/building,ArcGIS Hub,public record,https://geohub-loudoungis.opendata.arcgis.com/,candidate,search-described,Start of county-by-county TDLR analog
EIA_930,EIA-930 hourly demand by balancing authority and region,grid_demand,none,US,BA/region hourly,parquet (PUDL),CC-BY-4.0 (PUDL); EIA public domain,https://s3.us-west-2.amazonaws.com/pudl.catalyst.coop/nightly/out_eia930__hourly_aggregated_demand.parquet,"set aside (grid-wide, not data-center-specific)",downloaded 2026-09-26 via PUDL nightly,Hourly through 2026-09-06; input to regional load model
FERC_714_FCST,FERC Form 714 planning-area demand forecasts,grid_forecast,none,US,planning area yearly,parquet (PUDL),CC-BY-4.0 (PUDL); FERC public,https://s3.us-west-2.amazonaws.com/pudl.catalyst.coop/nightly/core_ferc714__yearly_planning_area_demand_forecast.parquet,"set aside (grid-wide, not data-center-specific)",downloaded 2026-09-26 via PUDL nightly,88 respondents; 2025 filings to 2050; overlapping not additive
EIA_861_BA_TERR,EIA-861 balancing-authority service territory by county,region_lookup,none,US,county,parquet (PUDL),CC-BY-4.0 (PUDL); EIA public domain,https://s3.us-west-2.amazonaws.com/pudl.catalyst.coop/nightly/out_eia861__yearly_balancing_authority_service_territory.parquet,loaded (site_regions),downloaded 2026-09-26 via PUDL nightly; report year 2024 used because 2025 is partial (see data/raw/README.md),"Lookup only: tags each data center with its grid operator (1,460 of 1,530 sites; 1/n confidence where a county has n)"
CENSUS_COUNTIES,Census county boundaries (DP1 tract release),jurisdiction,none,US,county polygon,parquet (PUDL),public domain,https://s3.us-west-2.amazonaws.com/pudl.catalyst.coop/nightly/out_censusdp1tract__counties.parquet,used (not stored),downloaded 2026-09-26 via PUDL nightly,County FIPS by spatial join (2010 boundaries match EIA-861); results in data/raw/project_counties.csv
