permit_no,facility_address,lat,lon,generator_count,generator_mw_total,detail_source,reviewed_by
11541-3,,,,,,,automated parser v1; source-text extraction (human review pending)
11790-1,"5978 Windswept Blvd, Wise, VA 24293",36.976245,-82.526258,,,facility_address: DEQ permit p. 3; coordinates: U.S. Census Geocoder exact address match (https://geocoding.geo.census.gov/geocoder/locations/addressbatch),automated parser v1; source-text extraction (human review pending)
21527-15,"101 Herbert Drive, Boydton, VA 23917",,,165,408.05,facility_address: DEQ permit p. 4; generator_count and generator_mw_total: DEQ permit p. 6: 15 x 2.5 MW; p. 6: 11 x 2.5 MW; p. 6: 3 x 1 MW; p. 6: 3 x 1.5 MW; p. 6: 20 x 2 MW; p. 6: 60 x 2.5 MW; p. 6: 4 x 2 MW; p. 6: 1 x 0.75 MW; p. 6: 40 x 3 MW; p. 6: 2 x 1.75 MW; p. 6: 1 x 0.8 MW; p. 6: 5 x 2.5 MW,automated parser v1; source-text extraction (human review pending)
21527-7,"101 Herbert Drive, Boydton, VA 23917",,,,,"facility_address: DEQ permit p. 3, p. 5",automated parser v1; source-text extraction (human review pending)
30142-3,"250 Burlington Drive, Clarksville, VA 23927",36.601752,-78.549838,,,facility_address: DEQ permit p. 3; coordinates: U.S. Census Geocoder exact address match (https://geocoding.geo.census.gov/geocoder/locations/addressbatch),automated parser v1; source-text extraction (human review pending)
41064-8,"18155 Technology Drive, Culpeper, VA 22701",,,26,59.5,facility_address: DEQ permit p. 3; generator_count and generator_mw_total: DEQ permit p. 5: 3 x 2.5 MW; p. 5: 6 x 2.25 MW; p. 5: 6 x 2.5 MW; p. 5: 2 x 1.5 MW; p. 5: 4 x 2.5 MW; p. 5: 2 x 1.5 MW; p. 5: 3 x 2.5 MW,automated parser v1; source-text extraction (human review pending)
51232-16,"6000 Technology Blvd, Sandston, VA 23150",,,,,"facility_address: DEQ permit p. 3, p. 1",automated parser v1; source-text extraction (human review pending)
52221-9,,,,,,,automated parser v1; source-text extraction (human review pending)
52281-10,,,,,,multiple facility-address candidates in permit; none selected,automated parser v1; source-text extraction (human review pending)
52403-9,,,,6049,9386.231,generator_count and generator_mw_total: DEQ permit p. 4: 2020 x 2.446 MW; p. 4: 2012 x 1.645 MW; p. 4: 2017 x 0.563 MW,automated parser v1; source-text extraction (human review pending)
52432-6,,,,,,,automated parser v1; source-text extraction (human review pending)
52820-3,,,,142,421,multiple facility-address candidates in permit; none selected; generator_count and generator_mw_total: DEQ permit p. 4: 40 x 3 MW; p. 4: 2 x 0.5 MW; p. 4: 100 x 3 MW,automated parser v1; source-text extraction (human review pending)
52903-4,,,,136,411.45,multiple facility-address candidates in permit; none selected; generator_count and generator_mw_total: DEQ permit p. 4: 52 x 3.1 MW; p. 4: 3 x 0.5 MW; p. 4: 1 x 0.75 MW; p. 4: 80 x 3.1 MW,automated parser v1; source-text extraction (human review pending)
52949-2,"101 Herbert Drive, Boydton, VA 23917",,,,,facility_address: DEQ permit p. 3,automated parser v1; source-text extraction (human review pending)
52973-2,"101 Herbert Drive, Boydton, VA 23917",,,,,"facility_address: DEQ permit p. 1, p. 3",automated parser v1; source-text extraction (human review pending)
53071-1,,,,42,125,multiple facility-address candidates in permit; none selected; generator_count and generator_mw_total: DEQ permit p. 4: 40 x 3.1 MW; p. 4: 2 x 0.5 MW,automated parser v1; source-text extraction (human review pending)
53072-1,,,,21,60.5,multiple facility-address candidates in permit; none selected; generator_count and generator_mw_total: DEQ permit p. 4: 20 x 3 MW; p. 4: 1 x 0.5 MW,automated parser v1; source-text extraction (human review pending)
53086-2,,,,135,392.5,multiple facility-address candidates in permit; none selected; generator_count and generator_mw_total: DEQ permit p. 5: 130 x 3 MW; p. 5: 5 x 0.5 MW,automated parser v1; source-text extraction (human review pending)
53197-2,,,,,,,automated parser v1; source-text extraction (human review pending)
53198-1,,,,114,332,multiple facility-address candidates in permit; none selected; generator_count and generator_mw_total: DEQ permit p. 5: 110 x 3 MW; p. 5: 4 x 0.5 MW,automated parser v1; source-text extraction (human review pending)
53259-1,"3250 East Williamsburg Road, Sandston, VA 23150",37.516826,-77.261637,,,facility_address: DEQ permit p. 3; coordinates: U.S. Census Geocoder exact address match (https://geocoding.geo.census.gov/geocoder/locations/addressbatch),automated parser v1; source-text extraction (human review pending)
53266-1,"6110 Technology Creek Drive, Henrico, VA 23150",,,,,facility_address: DEQ permit p. 3,automated parser v1; source-text extraction (human review pending)
60353-5,"800 Independence Boulevard, Virginia Beach, VA 23455",36.867390,-76.132544,,,facility_address: DEQ permit p. 4; coordinates: U.S. Census Geocoder exact address match (https://geocoding.geo.census.gov/geocoder/locations/addressbatch),automated parser v1; source-text extraction (human review pending)
71804-3,"13901 Crown Court, Woodbridge, VA 22193",38.649992,-77.309830,,,facility_address: DEQ permit p. 10; coordinates: U.S. Census Geocoder exact address match (https://geocoding.geo.census.gov/geocoder/locations/addressbatch),automated parser v1; source-text extraction (human review pending)
71804-4,,,,8,8.595,generator_count and generator_mw_total: DEQ permit p. 4: 5 x 0.9 MW; p. 4: 3 x 1.365 MW,automated parser v1; source-text extraction (human review pending)
72296-5,,,,,,,automated parser v1; source-text extraction (human review pending)
72367-4,"22001 Loudoun County Parkway, Ashburn, VA 20147",39.008128,-77.471195,,,facility_address: DEQ permit p. 3; coordinates: U.S. Census Geocoder exact address match (https://geocoding.geo.census.gov/geocoder/locations/addressbatch),automated parser v1; source-text extraction (human review pending)
72368-4,,,,2,4,generator_count and generator_mw_total: DEQ permit p. 4: 1 x 2 MW; p. 4: 1 x 2 MW,automated parser v1; source-text extraction (human review pending)
72374-4,,,,,,,automated parser v1; source-text extraction (human review pending)
72375-9,"4030 Lafayette Center Drive, Chantilly, VA 20151",,,23,48.55,"facility_address: DEQ permit p. 1, p. 3; generator_count and generator_mw_total: DEQ permit p. 5: 4 x 2.25 MW; p. 5: 5 x 3 MW; p. 5: 2 x 2 MW; p. 5: 3 x 2 MW; p. 5: 4 x 2 MW; p. 5: 1 x 0.275 MW; p. 5: 3 x 2 MW; p. 5: 1 x 0.275 MW",automated parser v1; source-text extraction (human review pending)
73158-3,,,,,,,automated parser v1; source-text extraction (human review pending)
73160-6,"45901 Nokes Boulevard, Sterling, VA 20166",39.024104,-77.413807,,,facility_address: DEQ permit p. 1; coordinates: U.S. Census Geocoder exact address match (https://geocoding.geo.census.gov/geocoder/locations/addressbatch),automated parser v1; source-text extraction (human review pending)
73162-3,"1780 Business Center Drive, Reston, VA 20190",38.949205,-77.326073,18,37.08,facility_address: DEQ permit p. 3; generator_count and generator_mw_total: DEQ permit p. 4: 12 x 2.06 MW; p. 4: 6 x 2.06 MW; coordinates: U.S. Census Geocoder exact address match (https://geocoding.geo.census.gov/geocoder/locations/addressbatch),automated parser v1; source-text extraction (human review pending)
73170-1,,,,,,,automated parser v1; source-text extraction (human review pending)
73180-4,"8217 Linton Hall Road, Bristow, VA 20136",38.775812,-77.596294,,,facility_address: DEQ permit p. 3; coordinates: U.S. Census Geocoder exact address match (https://geocoding.geo.census.gov/geocoder/locations/addressbatch),automated parser v1; source-text extraction (human review pending)
73199-3,,,,,,,automated parser v1; source-text extraction (human review pending)
73200-2,,,,,,,automated parser v1; source-text extraction (human review pending)
73200-3,,,,,,,automated parser v1; source-text extraction (human review pending)
73230-2,"7950 Jones Branch Drive, McLean, VA 22107",38.930244,-77.216684,4,4,"facility_address: DEQ permit p. 1, p. 3; generator_count and generator_mw_total: DEQ permit p. 4: 4 x 1 MW; coordinates: U.S. Census Geocoder exact address match (https://geocoding.geo.census.gov/geocoder/locations/addressbatch)",automated parser v1; source-text extraction (human review pending)
73233-8,,,,,,,automated parser v1; source-text extraction (human review pending)
73293-2,"22995 Wilder Court, Sterling, VA 20166",38.979612,-77.443821,4,6,facility_address: DEQ permit p. 3; generator_count and generator_mw_total: DEQ permit p. 4: 1 x 1.5 MW; p. 4: 1 x 1.5 MW; p. 4: 1 x 1.5 MW; p. 4: 1 x 1.5 MW; coordinates: U.S. Census Geocoder exact address match (https://geocoding.geo.census.gov/geocoder/locations/addressbatch),automated parser v1; source-text extraction (human review pending)
73294-16,"13200 Woodland Park Rd., Herndon, VA 20171",38.954411,-77.402936,1,2,"facility_address: DEQ permit p. 3, p. 17; generator_count and generator_mw_total: DEQ permit p. 19: 1 x 2 MW; coordinates: U.S. Census Geocoder exact address match (https://geocoding.geo.census.gov/geocoder/locations/addressbatch)",automated parser v1; source-text extraction (human review pending)
73341-2,,,,1,2,generator_count and generator_mw_total: DEQ permit p. 4: 1 x 2 MW,automated parser v1; source-text extraction (human review pending)
73355-21,"13820 Sunrise Valley Dr., Herndon, VA 20171",38.956035,-77.424437,2,5,facility_address: DEQ permit p. 3; generator_count and generator_mw_total: DEQ permit p. 4: 2 x 2.5 MW; coordinates: U.S. Census Geocoder exact address match (https://geocoding.geo.census.gov/geocoder/locations/addressbatch),automated parser v1; source-text extraction (human review pending)
73363-2,,,,,,,automated parser v1; source-text extraction (human review pending)
73369-3,"499 Grove Street, Herndon, VA 20170",38.965464,-77.375969,,,facility_address: DEQ permit p. 3; coordinates: U.S. Census Geocoder exact address match (https://geocoding.geo.census.gov/geocoder/locations/addressbatch),automated parser v1; source-text extraction (human review pending)
73370-12,"13901 Crown Court, Woodbridge, VA 22193",38.649992,-77.309830,28,63,facility_address: DEQ permit p. 84; generator_count and generator_mw_total: DEQ permit p. 68: 28 x 2.25 MW; coordinates: U.S. Census Geocoder exact address match (https://geocoding.geo.census.gov/geocoder/locations/addressbatch),automated parser v1; source-text extraction (human review pending)
73370-15,"21745 Sir Timothy Drive, Ashburn, VA 20147",,,,,facility_address: DEQ permit p. 3,automated parser v1; source-text extraction (human review pending)
73370-16,"21744 Sir Timothy Drive, Ashbum, VA 20147",,,,,facility_address: DEQ permit p. 3,automated parser v1; source-text extraction (human review pending)
73567-1,,,,,,multiple facility-address candidates in permit; none selected,automated parser v1; source-text extraction (human review pending)
73643-1,"1764 Old Meadow Lane, McLean, VA 22102",38.919722,-77.214076,,,"facility_address: DEQ permit p. 1, p. 3; coordinates: U.S. Census Geocoder exact address match (https://geocoding.geo.census.gov/geocoder/locations/addressbatch)",automated parser v1; source-text extraction (human review pending)
73643-3,,,,,,,automated parser v1; source-text extraction (human review pending)
73643-4,,,,,,,automated parser v1; source-text extraction (human review pending)
73643-5,,,,,,,automated parser v1; source-text extraction (human review pending)
73670-14,"13901 Crown Court, Woodbridge, VA 22193",38.649992,-77.309830,,,facility_address: DEQ permit p. 27; coordinates: U.S. Census Geocoder exact address match (https://geocoding.geo.census.gov/geocoder/locations/addressbatch),automated parser v1; source-text extraction (human review pending)
73683-12,"9651 Hornbaker Road, Manassas, VA 20109",38.746364,-77.533561,17,37.85,facility_address: DEQ permit p. 3; generator_count and generator_mw_total: DEQ permit p. 5: 3 x 2 MW; p. 5: 1 x 2.5 MW; p. 5: 7 x 2.05 MW; p. 5: 3 x 2.5 MW; p. 5: 3 x 2.5 MW; coordinates: U.S. Census Geocoder exact address match (https://geocoding.geo.census.gov/geocoder/locations/addressbatch),automated parser v1; source-text extraction (human review pending)
73717-1,,,,4,3.975,generator_count and generator_mw_total: DEQ permit p. 4: 1 x 1.025 MW; p. 4: 1 x 1.025 MW; p. 4: 1 x 0.9 MW; p. 4: 1 x 1.025 MW,automated parser v1; source-text extraction (human review pending)
73717-3,,,,,,,automated parser v1; source-text extraction (human review pending)
73741-23,,,,1,3,multiple facility-address candidates in permit; none selected; generator_count and generator_mw_total: DEQ permit p. 5: 1 x 3 MW,automated parser v1; source-text extraction (human review pending)
73743-7,"21625 Red Rum Drive, Ashburn, VA 20147",39.016689,-77.482394,55,144.75,facility_address: DEQ permit p. 3; generator_count and generator_mw_total: DEQ permit p. 5: 12 x 3 MW; p. 5: 2 x 1 MW; p. 5: 26 x 3 MW; p. 5: 1 x 0.75 MW; p. 5: 6 x 2 MW; p. 5: 3 x 2 MW; p. 5: 5 x 2 MW; coordinates: U.S. Census Geocoder exact address match (https://geocoding.geo.census.gov/geocoder/locations/addressbatch),automated parser v1; source-text extraction (human review pending)
73757-6,"44874 Moran Road, Dulles, VA 20166",,,,,facility_address: DEQ permit p. 3,automated parser v1; source-text extraction (human review pending)
73809-1,,,,3,1.3,generator_count and generator_mw_total: DEQ permit p. 4: 1 x 0.5 MW; p. 4: 1 x 0.5 MW; p. 4: 1 x 0.3 MW,automated parser v1; source-text extraction (human review pending)
73813-1,,,,,,,automated parser v1; source-text extraction (human review pending)
73823-2,,,,1,1.6,multiple facility-address candidates in permit; none selected; generator_count and generator_mw_total: DEQ permit p. 13: 1 x 1.6 MW,automated parser v1; source-text extraction (human review pending)
73853-13,,,,,,multiple facility-address candidates in permit; none selected,automated parser v1; source-text extraction (human review pending)
73860-16,,,,,,multiple facility-address candidates in permit; none selected,automated parser v1; source-text extraction (human review pending)
73868-1,,,,1,0.75,generator_count and generator_mw_total: DEQ permit p. 4: 1 x 0.75 MW,automated parser v1; source-text extraction (human review pending)
73935-7,"21741 Red Rum Drive, Ashburn, VA 20147",39.015363,-77.476602,,,facility_address: DEQ permit p. 3; coordinates: U.S. Census Geocoder exact address match (https://geocoding.geo.census.gov/geocoder/locations/addressbatch),automated parser v1; source-text extraction (human review pending)
73946-6,,,,14,49,multiple facility-address candidates in permit; none selected; generator_count and generator_mw_total: DEQ permit p. 5: 14 x 3.5 MW,automated parser v1; source-text extraction (human review pending)
73977-1,"14725 Lee Road, Chantilly, VA 20151",38.878034,-77.452565,,,facility_address: DEQ permit p. 3; coordinates: U.S. Census Geocoder exact address match (https://geocoding.geo.census.gov/geocoder/locations/addressbatch),automated parser v1; source-text extraction (human review pending)
73977-2,,,,,,multiple facility-address candidates in permit; none selected,automated parser v1; source-text extraction (human review pending)
73995-5,,,,,,,automated parser v1; source-text extraction (human review pending)
74049-9,,,,110,261,generator_count and generator_mw_total: DEQ permit p. 5: 6 x 2.5 MW; p. 5: 27 x 2.5 MW; p. 5: 4 x 2 MW; p. 5: 12 x 2 MW; p. 5: 17 x 2.5 MW; p. 5: 12 x 2 MW; p. 5: 32 x 2.5 MW,automated parser v1; source-text extraction (human review pending)
74052-9,,,,68,149.75,generator_count and generator_mw_total: DEQ permit p. 5: 3 x 2.5 MW; p. 5: 13 x 2 MW; p. 5: 3 x 2 MW; p. 5: 42 x 2.5 MW; p. 5: 7 x 0.75 MW,automated parser v1; source-text extraction (human review pending)
74060-2,,,,,,multiple facility-address candidates in permit; none selected,automated parser v1; source-text extraction (human review pending)
74063-5,,,,111,271.2,generator_count and generator_mw_total: DEQ permit p. 5: 22 x 2.75 MW; p. 5: 7 x 2.5 MW; p. 5: 1 x 0.6 MW; p. 5: 36 x 2.5 MW; p. 5: 2 x 2.5 MW; p. 5: 16 x 2 MW; p. 5: 26 x 2.5 MW; p. 5: 1 x 0.6 MW,automated parser v1; source-text extraction (human review pending)
74064-1,,,,,,,automated parser v1; source-text extraction (human review pending)
74080-8,,,,98,238.1,generator_count and generator_mw_total: DEQ permit p. 5: 1 x 0.5 MW; p. 5: 72 x 2.5 MW; p. 5: 1 x 1.6 MW; p. 5: 16 x 2.5 MW; p. 5: 8 x 2 MW,automated parser v1; source-text extraction (human review pending)
74081-4,,,,86,215,multiple facility-address candidates in permit; none selected; generator_count and generator_mw_total: DEQ permit p. 5: 9 x 2.5 MW; p. 5: 40 x 2.75 MW; p. 5: 3 x 0.75 MW; p. 5: 1 x 0.75 MW; p. 5: 27 x 2.5 MW; p. 5: 6 x 2 MW,automated parser v1; source-text extraction (human review pending)
74085-5,"24185 Upper Woodside Lane, Sterling, VA 20166",,,,,facility_address: DEQ permit p. 3,automated parser v1; source-text extraction (human review pending)
74086-3,"21111 Ridgetop Circle, Sterling, VA 20166",39.024676,-77.413752,39,86.25,facility_address: DEQ permit p. 3; generator_count and generator_mw_total: DEQ permit p. 5: 10 x 2.25 MW; p. 5: 28 x 2.25 MW; p. 5: 1 x 0.75 MW; coordinates: U.S. Census Geocoder exact address match (https://geocoding.geo.census.gov/geocoder/locations/addressbatch),automated parser v1; source-text extraction (human review pending)
74094-1,,,,13,29.25,generator_count and generator_mw_total: DEQ permit p. 4: 13 x 2.25 MW,automated parser v1; source-text extraction (human review pending)
74107-6,"10901 Airman Avenue, Manassas, VA 20110",,,,,facility_address: DEQ permit p. 3,automated parser v1; source-text extraction (human review pending)
74109-2,"511 Shaw Road, Sterling, VA 20166",,,,,facility_address: DEQ permit p. 3,automated parser v1; source-text extraction (human review pending)
74112-5,,,,17,46.275,multiple facility-address candidates in permit; none selected; generator_count and generator_mw_total: DEQ permit p. 5: 15 x 3 MW; p. 5: 1 x 1 MW; p. 5: 1 x 0.275 MW,automated parser v1; source-text extraction (human review pending)
74114-3,,,,,,,automated parser v1; source-text extraction (human review pending)
74115-4,"13200 Woodland Park Rd., Herndon, VA 20171",38.954411,-77.402936,88,220,facility_address: DEQ permit p. 3; generator_count and generator_mw_total: DEQ permit p. 5: 21 x 2.5 MW; p. 5: 32 x 2.5 MW; p. 5: 35 x 2.5 MW; coordinates: U.S. Census Geocoder exact address match (https://geocoding.geo.census.gov/geocoder/locations/addressbatch),automated parser v1; source-text extraction (human review pending)
74118-3,"10400 Harry J Parrish Blvd, Manassas, VA 20110",,,195,615,facility_address: DEQ permit p. 3; generator_count and generator_mw_total: DEQ permit p. 5: 30 x 4 MW; p. 5: 165 x 3 MW,automated parser v1; source-text extraction (human review pending)
74120-7,,,,70,184.5,generator_count and generator_mw_total: DEQ permit p. 5: 24 x 3.25 MW; p. 5: 1 x 1.5 MW; p. 5: 25 x 1.6 MW; p. 5: 20 x 3.25 MW,automated parser v1; source-text extraction (human review pending)
74121-2,,,,58,143,multiple facility-address candidates in permit; none selected; generator_count and generator_mw_total: DEQ permit p. 5: 15 x 2.5 MW; p. 5: 39 x 2.5 MW; p. 5: 4 x 2 MW,automated parser v1; source-text extraction (human review pending)
74126-4,,,,2,1.2,generator_count and generator_mw_total: DEQ permit p. 4: 2 x 0.6 MW,automated parser v1; source-text extraction (human review pending)
74127-3,"6872 Watson Court, Warrenton, VA 20186",38.746629,-77.675033,10,20,facility_address: DEQ permit p. 3; generator_count and generator_mw_total: DEQ permit p. 5: 1 x 2 MW; p. 5: 4 x 2 MW; p. 5: 5 x 2 MW; coordinates: U.S. Census Geocoder exact address match (https://geocoding.geo.census.gov/geocoder/locations/addressbatch),automated parser v1; source-text extraction (human review pending)
74129-3,,,,74,185,generator_count and generator_mw_total: DEQ permit p. 5: 23 x 2.5 MW; p. 5: 23 x 2.5 MW; p. 5: 3 x 2.5 MW; p. 5: 23 x 2.5 MW; p. 5: 2 x 2.5 MW,automated parser v1; source-text extraction (human review pending)
74130-2,"12369 Sunrise Valley Drive, Reston, VA 20191",38.950119,-77.373261,,,facility_address: DEQ permit p. 3; coordinates: U.S. Census Geocoder exact address match (https://geocoding.geo.census.gov/geocoder/locations/addressbatch),automated parser v1; source-text extraction (human review pending)
74141-3,,,,38,101.3,multiple facility-address candidates in permit; none selected; generator_count and generator_mw_total: DEQ permit p. 5: 17 x 2.5 MW; p. 5: 1 x 1.25 MW; p. 5: 1 x 0.55 MW; p. 5: 19 x 3 MW,automated parser v1; source-text extraction (human review pending)
74147-1,"21701 FiligreeCt., Ashburn, VA 20147",39.014549,-77.457839,8,16,"facility_address: DEQ permit p. 1, p. 3; generator_count and generator_mw_total: DEQ permit p. 4: 8 x 2 MW; coordinates: U.S. Census Geocoder exact address match (https://geocoding.geo.census.gov/geocoder/locations/addressbatch)",automated parser v1; source-text extraction (human review pending)
74150-3,"20935 Loudoun County Parkway, Ashburn, VA 20147",39.037177,-77.449260,40,98,facility_address: DEQ permit p. 3; generator_count and generator_mw_total: DEQ permit p. 5: 7 x 2.5 MW; p. 5: 13 x 2.5 MW; p. 5: 16 x 2.5 MW; p. 5: 4 x 2 MW; coordinates: U.S. Census Geocoder exact address match (https://geocoding.geo.census.gov/geocoder/locations/addressbatch),automated parser v1; source-text extraction (human review pending)
74152-5,"24400 Howling Rooster Ln, Sterling, VA 20166",,,98,244,facility_address: DEQ permit p. 3; generator_count and generator_mw_total: DEQ permit p. 5: 6 x 2.75 MW; p. 5: 3 x 1.75 MW; p. 5: 68 x 2.75 MW; p. 5: 20 x 1.75 MW; p. 5: 1 x 0.25 MW,automated parser v1; source-text extraction (human review pending)
74153-3,,,,58,144,multiple facility-address candidates in permit; none selected; generator_count and generator_mw_total: DEQ permit p. 5: 8 x 2.5 MW; p. 5: 32 x 2.5 MW; p. 5: 16 x 2.5 MW; p. 5: 2 x 2 MW,automated parser v1; source-text extraction (human review pending)
74154-5,"7900 Telegraph Road, Fort Belvoir, VA 22060-5928",,,11,25.075,facility_address: DEQ permit p. 3; generator_count and generator_mw_total: DEQ permit p. 5: 7 x 2.725 MW; p. 5: 4 x 1.5 MW,automated parser v1; source-text extraction (human review pending)
74155-4,"44631 Waxpool Road, Ashburn, VA 20147",39.013248,-77.475172,103,309,facility_address: DEQ permit p. 3; generator_count and generator_mw_total: DEQ permit p. 6: 75 x 3 MW; p. 6: 1 x 3 MW; p. 6: 27 x 3 MW; coordinates: U.S. Census Geocoder exact address match (https://geocoding.geo.census.gov/geocoder/locations/addressbatch),automated parser v1; source-text extraction (human review pending)
74160-3,,,,80,160,generator_count and generator_mw_total: DEQ permit p. 5: 5 x 2 MW; p. 5: 75 x 2 MW,automated parser v1; source-text extraction (human review pending)
74161-5,,,,,,multiple facility-address candidates in permit; none selected,automated parser v1; source-text extraction (human review pending)
74162-5,,,,123,333.75,generator_count and generator_mw_total: DEQ permit p. 5: 49 x 2.75 MW; p. 5: 33 x 2.75 MW; p. 5: 20 x 2.75 MW; p. 5: 15 x 2.75 MW; p. 5: 4 x 2.75 MW; p. 5: 2 x 0.5 MW,automated parser v1; source-text extraction (human review pending)
74163-9,"20491 Goose Landing Lane, Leesburg, VA 20175",,,2,2.881,facility_address: DEQ permit p. 3; generator_count and generator_mw_total: DEQ permit p. 6: 1 x 0.131 MW; p. 6: 1 x 2.75 MW,automated parser v1; source-text extraction (human review pending)
74164-3,,,,21,49.5,generator_count and generator_mw_total: DEQ permit p. 5: 12 x 2.5 MW; p. 5: 4 x 2.25 MW; p. 5: 4 x 2.25 MW; p. 5: 1 x 1.5 MW,automated parser v1; source-text extraction (human review pending)
74167-5,"9730 Hornbaker Rd., Manassas, VA 20109",38.749417,-77.535860,1,2.5,facility_address: DEQ permit p. 3; generator_count and generator_mw_total: DEQ permit p. 4: 1 x 2.5 MW; coordinates: U.S. Census Geocoder exact address match (https://geocoding.geo.census.gov/geocoder/locations/addressbatch),automated parser v1; source-text extraction (human review pending)
74169-2,,,,,,,automated parser v1; source-text extraction (human review pending)
74170-3,,,,69,175.25,multiple facility-address candidates in permit; none selected; generator_count and generator_mw_total: DEQ permit p. 5: 22 x 2.75 MW; p. 5: 1 x 0.75 MW; p. 5: 44 x 2.5 MW; p. 5: 2 x 2 MW,automated parser v1; source-text extraction (human review pending)
74171-4,,,,90,233.1,generator_count and generator_mw_total: DEQ permit p. 5: 18 x 2.75 MW; p. 5: 22 x 2.75 MW; p. 5: 1 x 1.6 MW; p. 5: 36 x 2.5 MW; p. 5: 2 x 2 MW; p. 5: 3 x 2.5 MW; p. 5: 8 x 2.5 MW,automated parser v1; source-text extraction (human review pending)
74172-3,"12270 Lucky Hill Rd., Remington, VA 22734",,,24,59.64,facility_address: DEQ permit p. 3; generator_count and generator_mw_total: DEQ permit p. 4: 24 x 2.485 MW,automated parser v1; source-text extraction (human review pending)
74173-6,,,,,,,automated parser v1; source-text extraction (human review pending)
74181-1,,,,,,multiple facility-address candidates in permit; none selected,automated parser v1; source-text extraction (human review pending)
74184-4,,,,110,267.55,multiple facility-address candidates in permit; none selected; generator_count and generator_mw_total: DEQ permit p. 5: 26 x 2.5 MW; p. 5: 1 x 0.6 MW; p. 5: 1 x 1.6 MW; p. 5: 52 x 2.5 MW; p. 5: 1 x 0.75 MW; p. 5: 26 x 2.5 MW; p. 5: 1 x 0.6 MW; p. 5: 2 x 2 MW,automated parser v1; source-text extraction (human review pending)
74189-5,,,,36,134.65,multiple facility-address candidates in permit; none selected; generator_count and generator_mw_total: DEQ permit p. 5: 3 x 3.35 MW; p. 5: 3 x 3.25 MW; p. 5: 3 x 3.35 MW; p. 5: 26 x 4 MW; p. 5: 1 x 0.8 MW,automated parser v1; source-text extraction (human review pending)
74197-3,,,,65,146.25,multiple facility-address candidates in permit; none selected; generator_count and generator_mw_total: DEQ permit p. 5: 32 x 2.25 MW; p. 5: 32 x 2.25 MW; p. 5: 1 x 2.25 MW,automated parser v1; source-text extraction (human review pending)
74198-3,,,,2,4,multiple facility-address candidates in permit; none selected; generator_count and generator_mw_total: DEQ permit p. 5: 2 x 2 MW,automated parser v1; source-text extraction (human review pending)
74201-4,,,,14,39.5,multiple facility-address candidates in permit; none selected; generator_count and generator_mw_total: DEQ permit p. 6: 3 x 3 MW; p. 6: 1 x 0.5 MW; p. 6: 2 x 3 MW; p. 6: 6 x 3 MW; p. 6: 2 x 3 MW,automated parser v1; source-text extraction (human review pending)
74205-4,,,,57,136.8,multiple facility-address candidates in permit; none selected; generator_count and generator_mw_total: DEQ permit p. 5: 1 x 1.6 MW; p. 5: 52 x 2.5 MW; p. 5: 2 x 0.6 MW; p. 5: 2 x 2 MW,automated parser v1; source-text extraction (human review pending)
74207-3,,,,8,18,multiple facility-address candidates in permit; none selected; generator_count and generator_mw_total: DEQ permit p. 5: 2 x 3 MW; p. 5: 3 x 2 MW; p. 5: 3 x 2 MW,automated parser v1; source-text extraction (human review pending)
74212-3,,,,,,,automated parser v1; source-text extraction (human review pending)
74214-3,,,,155,401.4,multiple facility-address candidates in permit; none selected; generator_count and generator_mw_total: DEQ permit p. 5: 96 x 2.75 MW; p. 5: 1 x 1.6 MW; p. 5: 3 x 1 MW; p. 5: 52 x 2.5 MW; p. 5: 2 x 0.6 MW; p. 5: 1 x 1.6 MW,automated parser v1; source-text extraction (human review pending)
74216-4,"13001 Rollins Ford Road, Bristow, VA 20136",38.782544,-77.579717,,,facility_address: DEQ permit p. 3; coordinates: U.S. Census Geocoder exact address match (https://geocoding.geo.census.gov/geocoder/locations/addressbatch),automated parser v1; source-text extraction (human review pending)
74220-4,"19515 Compass Creek Parkway, Leesburg, VA 20175",,,26,80.6,facility_address: DEQ permit p. 3; generator_count and generator_mw_total: DEQ permit p. 5: 20 x 3.1 MW; p. 12: 6 x 3.1 MW,automated parser v1; source-text extraction (human review pending)
74221-4,"19515 Compass Creek Parkway, Leesburg, VA 20175",,,59,176.1,facility_address: DEQ permit p. 3; generator_count and generator_mw_total: DEQ permit p. 5: 2 x 1 MW; p. 5: 1 x 0.5 MW; p. 5: 20 x 3.1 MW; p. 5: 36 x 3.1 MW,automated parser v1; source-text extraction (human review pending)
74224-3,,,,1,1,generator_count and generator_mw_total: DEQ permit p. 4: 1 x 1 MW,automated parser v1; source-text extraction (human review pending)
74227-2,,,,57,135.8,generator_count and generator_mw_total: DEQ permit p. 5: 26 x 2.5 MW; p. 5: 1 x 0.6 MW; p. 5: 26 x 2.5 MW; p. 5: 1 x 0.6 MW; p. 5: 1 x 0.6 MW; p. 5: 2 x 2 MW,automated parser v1; source-text extraction (human review pending)
74232-2,,,,64,142.588,multiple facility-address candidates in permit; none selected; generator_count and generator_mw_total: DEQ permit p. 5: 1 x 1.588 MW; p. 5: 1 x 1.5 MW; p. 5: 62 x 2.25 MW,automated parser v1; source-text extraction (human review pending)
74234-2,"22235 Loudoun County Parkway, Ashburn, VA 20147",,,47,162.6,facility_address: DEQ permit p. 3; generator_count and generator_mw_total: DEQ permit p. 6: 16 x 3.1 MW; p. 6: 20 x 4 MW; p. 6: 11 x 3 MW,automated parser v1; source-text extraction (human review pending)
74235-2,,,,75,168.75,generator_count and generator_mw_total: DEQ permit p. 5: 7 x 2.25 MW; p. 5: 68 x 2.25 MW,automated parser v1; source-text extraction (human review pending)
74236-1,,,,23,62.97,multiple facility-address candidates in permit; none selected; generator_count and generator_mw_total: DEQ permit p. 4: 1 x 0.75 MW; p. 4: 20 x 3.1 MW; p. 4: 2 x 0.11 MW,automated parser v1; source-text extraction (human review pending)
74237-1,"19540 Compass Creek Parkway, Leesburg, VA 20175",,,20,62,facility_address: DEQ permit p. 3; generator_count and generator_mw_total: DEQ permit p. 4: 20 x 3.1 MW,automated parser v1; source-text extraction (human review pending)
74239-2,,,,,,multiple facility-address candidates in permit; none selected,automated parser v1; source-text extraction (human review pending)
74240-3,,,,110,273.05,multiple facility-address candidates in permit; none selected; generator_count and generator_mw_total: DEQ permit p. 5: 26 x 2.75 MW; p. 5: 1 x 0.6 MW; p. 5: 26 x 2.5 MW; p. 5: 1 x 0.75 MW; p. 5: 2 x 2 MW; p. 5: 52 x 2.5 MW; p. 5: 2 x 0.6 MW,automated parser v1; source-text extraction (human review pending)
74241-4,,,,229,567.05,multiple facility-address candidates in permit; none selected; generator_count and generator_mw_total: DEQ permit p. 5: 65 x 2.25 MW; p. 22: 65 x 2.25 MW; p. 39: 49 x 2.8 MW; p. 39: 49 x 2.8 MW; p. 39: 1 x 0.15 MW,automated parser v1; source-text extraction (human review pending)
74242-2,"22318 Glenn Drive, Sterling, VA 20167",38.997758,-77.428124,9,24.75,facility_address: DEQ permit p. 3; generator_count and generator_mw_total: DEQ permit p. 5: 9 x 2.75 MW; coordinates: U.S. Census Geocoder exact address match (https://geocoding.geo.census.gov/geocoder/locations/addressbatch),automated parser v1; source-text extraction (human review pending)
74244-2,,,,40,95.2,multiple facility-address candidates in permit; none selected; generator_count and generator_mw_total: DEQ permit p. 5: 24 x 2.5 MW; p. 5: 1 x 0.6 MW; p. 5: 12 x 2.5 MW; p. 5: 1 x 0.6 MW; p. 5: 2 x 2 MW,automated parser v1; source-text extraction (human review pending)
74246-2,,,,44,128.5,multiple facility-address candidates in permit; none selected; generator_count and generator_mw_total: DEQ permit p. 5: 21 x 3 MW; p. 5: 1 x 1.25 MW; p. 20: 21 x 3 MW; p. 20: 1 x 1.25 MW,automated parser v1; source-text extraction (human review pending)
74247-1,"22715 Relocation Drive, Sterling, VA 20166",38.989057,-77.439344,,,facility_address: DEQ permit p. 3; coordinates: U.S. Census Geocoder exact address match (https://geocoding.geo.census.gov/geocoder/locations/addressbatch),automated parser v1; source-text extraction (human review pending)
74250-2,"13820 Sunrise Valley Dr., Herndon, VA 20171",38.956035,-77.424437,140,363.4,facility_address: DEQ permit p. 3; generator_count and generator_mw_total: DEQ permit p. 5: 104 x 2.75 MW; p. 5: 4 x 0.75 MW; p. 5: 26 x 2.5 MW; p. 5: 1 x 0.6 MW; p. 5: 3 x 1.6 MW; p. 5: 2 x 2 MW; coordinates: U.S. Census Geocoder exact address match (https://geocoding.geo.census.gov/geocoder/locations/addressbatch),automated parser v1; source-text extraction (human review pending)
74252-2,"13820 Sunrise Valley Dr., Herndon, VA 20171",38.956035,-77.424437,25,59.6,facility_address: DEQ permit p. 3; generator_count and generator_mw_total: DEQ permit p. 5: 10 x 2.5 MW; p. 5: 12 x 2.5 MW; p. 5: 1 x 0.6 MW; p. 5: 2 x 2 MW; coordinates: U.S. Census Geocoder exact address match (https://geocoding.geo.census.gov/geocoder/locations/addressbatch),automated parser v1; source-text extraction (human review pending)
74260-2,,,,61,196.5,multiple facility-address candidates in permit; none selected; generator_count and generator_mw_total: DEQ permit p. 5: 60 x 3.25 MW; p. 5: 1 x 1.5 MW,automated parser v1; source-text extraction (human review pending)
74262-4,,,,,,,automated parser v1; source-text extraction (human review pending)
74264-2,,,,,,,automated parser v1; source-text extraction (human review pending)
74270-1,,,,35,86.6,multiple facility-address candidates in permit; none selected; generator_count and generator_mw_total: DEQ permit p. 4: 34 x 2.5 MW; p. 4: 1 x 1.6 MW,automated parser v1; source-text extraction (human review pending)
74272-1,,,,30,74.1,multiple facility-address candidates in permit; none selected; generator_count and generator_mw_total: DEQ permit p. 4: 29 x 2.5 MW; p. 4: 1 x 1.6 MW,automated parser v1; source-text extraction (human review pending)
74273-1,,,,108,258.6,multiple facility-address candidates in permit; none selected; generator_count and generator_mw_total: DEQ permit p. 5: 100 x 2.5 MW; p. 5: 5 x 0.6 MW; p. 5: 1 x 1.6 MW; p. 5: 2 x 2 MW,automated parser v1; source-text extraction (human review pending)
74274-1,,,,98,237,multiple facility-address candidates in permit; none selected; generator_count and generator_mw_total: DEQ permit p. 4: 92 x 2.5 MW; p. 4: 4 x 0.75 MW; p. 4: 2 x 2 MW,automated parser v1; source-text extraction (human review pending)
74276-1,"21800 Beaumeade Circle, Ashburn, VA 20147",39.015403,-77.455141,,,facility_address: DEQ permit p. 3; coordinates: U.S. Census Geocoder exact address match (https://geocoding.geo.census.gov/geocoder/locations/addressbatch),automated parser v1; source-text extraction (human review pending)
74277-2,"13820 Sunrise Valley Dr., Herndon, VA 20171",38.956035,-77.424437,110,266.4,facility_address: DEQ permit p. 3; generator_count and generator_mw_total: DEQ permit p. 5: 104 x 2.5 MW; p. 5: 4 x 0.6 MW; p. 5: 2 x 2 MW; coordinates: U.S. Census Geocoder exact address match (https://geocoding.geo.census.gov/geocoder/locations/addressbatch),automated parser v1; source-text extraction (human review pending)
74278-1,"13200 Woodland Park Rd., Herndon, VA 20171",38.954411,-77.402936,44,105.2,facility_address: DEQ permit p. 3; generator_count and generator_mw_total: DEQ permit p. 4: 40 x 2.5 MW; p. 4: 2 x 0.6 MW; p. 4: 2 x 2 MW; coordinates: U.S. Census Geocoder exact address match (https://geocoding.geo.census.gov/geocoder/locations/addressbatch),automated parser v1; source-text extraction (human review pending)
74284-2,"19590 Belmont Ridge Road, Ashburn, VA 20147",,,77,88.67,facility_address: DEQ permit p. 3; generator_count and generator_mw_total: DEQ permit p. 5: 60 x 0.625 MW; p. 5: 17 x 3.01 MW,automated parser v1; source-text extraction (human review pending)
74287-1,"22321 Pacific Blvd, Sterling, VA 20166",,,22,60.5,facility_address: DEQ permit p. 3; generator_count and generator_mw_total: DEQ permit p. 4: 22 x 2.75 MW,automated parser v1; source-text extraction (human review pending)
74288-2,"3901 Massaponax Church Road, Fredericksburg, VA 22408",38.203420,-77.469450,201,525.8,facility_address: DEQ permit p. 3; generator_count and generator_mw_total: DEQ permit p. 5: 2 x 0.4 MW; p. 5: 186 x 2.75 MW; p. 5: 5 x 1.6 MW; p. 5: 7 x 0.75 MW; p. 5: 1 x 0.25 MW; coordinates: U.S. Census Geocoder exact address match (https://geocoding.geo.census.gov/geocoder/locations/addressbatch),automated parser v1; source-text extraction (human review pending)
74290-1,"21529 Beaumeade Circle, Ashburn, VA 20147",39.020789,-77.453434,21,62.25,facility_address: DEQ permit p. 3; generator_count and generator_mw_total: DEQ permit p. 4: 20 x 3 MW; p. 4: 1 x 2.25 MW; coordinates: U.S. Census Geocoder exact address match (https://geocoding.geo.census.gov/geocoder/locations/addressbatch),automated parser v1; source-text extraction (human review pending)
74296-1,"45695 Russell Branch Parkway, Dulles, VA 20166",,,57,171,facility_address: DEQ permit p. 3; generator_count and generator_mw_total: DEQ permit p. 4: 57 x 3 MW,automated parser v1; source-text extraction (human review pending)
74299-2,"556 230 Haley Dr., Mineral, VA 23117",,,180,470.4,facility_address: DEQ permit p. 3; generator_count and generator_mw_total: DEQ permit p. 5: 1 x 0.4 MW; p. 5: 166 x 2.75 MW; p. 5: 5 x 1.6 MW; p. 5: 7 x 0.75 MW; p. 5: 1 x 0.25 MW,automated parser v1; source-text extraction (human review pending)
74300-1,,,,74,198.5,generator_count and generator_mw_total: DEQ permit p. 5: 70 x 2.75 MW; p. 5: 2 x 1 MW; p. 5: 2 x 2 MW,automated parser v1; source-text extraction (human review pending)
74301-1,,,,173,465.5,generator_count and generator_mw_total: DEQ permit p. 5: 166 x 2.75 MW; p. 5: 5 x 1 MW; p. 5: 2 x 2 MW,automated parser v1; source-text extraction (human review pending)
74302-1,"22279 Power Player Lane, Sterling, VA 20166",,,155,415.5,facility_address: DEQ permit p. 3; generator_count and generator_mw_total: DEQ permit p. 5: 52 x 2.75 MW; p. 5: 2 x 0.75 MW; p. 5: 96 x 2.75 MW; p. 5: 3 x 1 MW; p. 5: 2 x 2 MW,automated parser v1; source-text extraction (human review pending)
74306-2,"45831 Maries Road, Sterling, VA 20166",39.022487,-77.413021,42,126,facility_address: DEQ permit p. 3; generator_count and generator_mw_total: DEQ permit p. 5: 16 x 3 MW; p. 5: 26 x 3 MW; coordinates: U.S. Census Geocoder exact address match (https://geocoding.geo.census.gov/geocoder/locations/addressbatch),automated parser v1; source-text extraction (human review pending)
74308-1,,,,30,88,generator_count and generator_mw_total: DEQ permit p. 5: 29 x 3 MW; p. 5: 1 x 1 MW,automated parser v1; source-text extraction (human review pending)
74309-1,,,,50,133.5,multiple facility-address candidates in permit; none selected; generator_count and generator_mw_total: DEQ permit p. 5: 48 x 2.75 MW; p. 5: 2 x 0.75 MW,automated parser v1; source-text extraction (human review pending)
74315-1,"22425 Sous Vide Lane, Sterling, VA 20166",,,24,72,facility_address: DEQ permit p. 3; generator_count and generator_mw_total: DEQ permit p. 4: 24 x 3 MW,automated parser v1; source-text extraction (human review pending)
74317-1,,,,81,207.3,generator_count and generator_mw_total: DEQ permit p. 5: 22 x 2.5 MW; p. 5: 26 x 2.75 MW; p. 5: 26 x 2.75 MW; p. 5: 1 x 0.6 MW; p. 5: 1 x 0.75 MW; p. 5: 1 x 0.75 MW; p. 5: 2 x 1.6 MW; p. 5: 2 x 2 MW,automated parser v1; source-text extraction (human review pending)
74321-1,"19560 Hyperspace Lane, Ashburn, VA 20147",,,96,336,facility_address: DEQ permit p. 3; generator_count and generator_mw_total: DEQ permit p. 5: 48 x 3.5 MW; p. 5: 48 x 3.5 MW,automated parser v1; source-text extraction (human review pending)
74323-2,"13901 Crown Court, Woodbridge, VA 22193",38.649992,-77.309830,105,283.75,facility_address: DEQ permit p. 3; generator_count and generator_mw_total: DEQ permit p. 5: 26 x 2.75 MW; p. 5: 1 x 0.75 MW; p. 5: 76 x 2.75 MW; p. 5: 2 x 1.25 MW; coordinates: U.S. Census Geocoder exact address match (https://geocoding.geo.census.gov/geocoder/locations/addressbatch),automated parser v1; source-text extraction (human review pending)
74329-2,,,,196,531.8,generator_count and generator_mw_total: DEQ permit p. 5: 192 x 2.75 MW; p. 5: 2 x 0.9 MW; p. 5: 2 x 1 MW,automated parser v1; source-text extraction (human review pending)
74333-1,"45 13820 Sunrise Valley Drive, Herndon, VA 20171",38.956035,-77.424437,25,65.25,facility_address: DEQ permit p. 3; generator_count and generator_mw_total: DEQ permit p. 5: 22 x 2.75 MW; p. 5: 1 x 0.75 MW; p. 5: 2 x 2 MW; coordinates: U.S. Census Geocoder exact address match (https://geocoding.geo.census.gov/geocoder/locations/addressbatch),automated parser v1; source-text extraction (human review pending)
74335-1,"44595 Low Latency Lane, Sterling, VA 20166",,,76,263,facility_address: DEQ permit p. 3; generator_count and generator_mw_total: DEQ permit p. 5: 64 x 3.5 MW; p. 5: 12 x 3.25 MW,automated parser v1; source-text extraction (human review pending)
74336-1,,,,62,189,generator_count and generator_mw_total: DEQ permit p. 5: 60 x 3.1 MW; p. 5: 2 x 1.5 MW,automated parser v1; source-text extraction (human review pending)
74337-1,,,,41,111.4,generator_count and generator_mw_total: DEQ permit p. 5: 38 x 2.8 MW; p. 5: 1 x 1 MW; p. 5: 2 x 2 MW,automated parser v1; source-text extraction (human review pending)
74338-1,"255 Centreport Parkway, Fredericksburg, VA 22406",,,48,132,facility_address: DEQ permit p. 3; generator_count and generator_mw_total: DEQ permit p. 5: 48 x 2.75 MW,automated parser v1; source-text extraction (human review pending)
74342-1,"7675 and 7741 Deacon Falls Drive, Gainesville, VA 20155",,,103,273.45,facility_address: DEQ permit p. 3; generator_count and generator_mw_total: DEQ permit p. 5: 52 x 2.75 MW; p. 5: 1 x 0.75 MW; p. 5: 1 x 0.6 MW; p. 5: 44 x 2.8 MW; p. 5: 2 x 0.75 MW; p. 5: 1 x 0.4 MW; p. 5: 2 x 2 MW,automated parser v1; source-text extraction (human review pending)
74348-1,,,,,,multiple facility-address candidates in permit; none selected,automated parser v1; source-text extraction (human review pending)
74349-1,,,,49,110.25,multiple facility-address candidates in permit; none selected; generator_count and generator_mw_total: DEQ permit p. 5: 49 x 2.25 MW,automated parser v1; source-text extraction (human review pending)
80941-6,,,,,,,automated parser v1; source-text extraction (human review pending)
