filename,registration_no_in_pdf,issue_date_in_pdf,permit_no,status,basis,detail_source
11541-3.pdf,11541,2008-05-16,11541-3,needs_equipment_review,no complete unambiguous generator equipment row parsed,
11790_DC_Permit.pdf,11790,2016-08-23,11790-1,needs_equipment_review,no complete unambiguous generator equipment row parsed,facility_address: DEQ permit p. 3
2152707_DC_TV_Permit.pdf,21527,2024-04-24,21527-7,needs_equipment_review,no complete unambiguous generator equipment row parsed,"facility_address: DEQ permit p. 3, p. 5"
2152715_DC_Permit.pdf,21527,2023-09-19,21527-15,parsed,parsed,facility_address: DEQ permit p. 4; generator_count and generator_mw_total: DEQ permit p. 6: 15 x 2.5 MW; p. 6: 11 x 2.5 MW; p. 6: 3 x 1 MW; p. 6: 3 x 1.5 MW; p. 6: 20 x 2 MW; p. 6: 60 x 2.5 MW; p. 6: 4 x 2 MW; p. 6: 1 x 0.75 MW; p. 6: 40 x 3 MW; p. 6: 2 x 1.75 MW; p. 6: 1 x 0.8 MW; p. 6: 5 x 2.5 MW
3014202_DC_Permit.pdf,30142,2025-02-12,30142-3,needs_equipment_review,no complete unambiguous generator equipment row parsed,facility_address: DEQ permit p. 3
41064_DC_Permit.pdf,41064,2018-08-10,41064-8,parsed,parsed,facility_address: DEQ permit p. 3; generator_count and generator_mw_total: DEQ permit p. 5: 3 x 2.5 MW; p. 5: 6 x 2.25 MW; p. 5: 6 x 2.5 MW; p. 5: 2 x 1.5 MW; p. 5: 4 x 2.5 MW; p. 5: 2 x 1.5 MW; p. 5: 3 x 2.5 MW
51232_DC_Permit.pdf,51232,2024-06-24,51232-16,needs_equipment_review,p. 5 has an alternative generator capacity; no complete unambiguous generator equipment row parsed,"facility_address: DEQ permit p. 3, p. 1"
52173_DC_Permit.pdf,,,,unreadable,PDF has zero pages,
522219_DC_Permit.pdf,52221,2026-01-12,52221-9,needs_equipment_review,no complete unambiguous generator equipment row parsed,
52281_DC_Permit.pdf,52281,2026-01-22,52281-10,needs_equipment_review,no complete unambiguous generator equipment row parsed,multiple facility-address candidates in permit; none selected
52299_DC_Permit.pdf,52299,2011-05-06,,needs_document_identification,registration number/date do not identify exactly one DEQ-list row,
52403_DC_Permit.pdf,52403,2021-02-09,52403-9,parsed,parsed,generator_count and generator_mw_total: DEQ permit p. 4: 2020 x 2.446 MW; p. 4: 2012 x 1.645 MW; p. 4: 2017 x 0.563 MW
524326_DC_Permit.pdf,52432,2026-04-09,52432-6,needs_equipment_review,p. 5 has an alternative generator capacity; no complete unambiguous generator equipment row parsed,
52629_DC_Permit.pdf,52629,2018-07-03,,needs_document_identification,registration number/date do not identify exactly one DEQ-list row,
52820_DC_Permit.pdf,52820,2023-09-05,52820-3,parsed,multiple facility-address candidates in permit; none selected,multiple facility-address candidates in permit; none selected; generator_count and generator_mw_total: DEQ permit p. 4: 40 x 3 MW; p. 4: 2 x 0.5 MW; p. 4: 100 x 3 MW
52903_DC_Permit.pdf,52903,2023-09-19,52903-4,parsed,multiple facility-address candidates in permit; none selected,multiple facility-address candidates in permit; none selected; generator_count and generator_mw_total: DEQ permit p. 4: 52 x 3.1 MW; p. 4: 3 x 0.5 MW; p. 4: 1 x 0.75 MW; p. 4: 80 x 3.1 MW
52949_DC_Permit.pdf,52949,2023-09-28,52949-2,needs_equipment_review,no complete unambiguous generator equipment row parsed,facility_address: DEQ permit p. 3
52973_DC_Permit.pdf,52973,2025-07-23,52973-2,needs_equipment_review,no complete unambiguous generator equipment row parsed,"facility_address: DEQ permit p. 1, p. 3"
53071_DC_Permit.pdf,53071,2023-07-12,53071-1,parsed,multiple facility-address candidates in permit; none selected,multiple facility-address candidates in permit; none selected; generator_count and generator_mw_total: DEQ permit p. 4: 40 x 3.1 MW; p. 4: 2 x 0.5 MW
53072_DC_Permit.pdf,53072,2023-07-13,53072-1,parsed,multiple facility-address candidates in permit; none selected,multiple facility-address candidates in permit; none selected; generator_count and generator_mw_total: DEQ permit p. 4: 20 x 3 MW; p. 4: 1 x 0.5 MW
53086_DC_Permit.pdf,53086,2025-04-22,53086-2,parsed,multiple facility-address candidates in permit; none selected,multiple facility-address candidates in permit; none selected; generator_count and generator_mw_total: DEQ permit p. 5: 130 x 3 MW; p. 5: 5 x 0.5 MW
531972_DC_Permit.pdf,53197,2026-07-21,53197-2,needs_equipment_review,no complete unambiguous generator equipment row parsed,
53198_DC_Permit.pdf,53198,2025-05-01,53198-1,parsed,multiple facility-address candidates in permit; none selected,multiple facility-address candidates in permit; none selected; generator_count and generator_mw_total: DEQ permit p. 5: 110 x 3 MW; p. 5: 4 x 0.5 MW
5325901_DC_Permit.pdf,53259,2026-04-22,53259-1,needs_equipment_review,p. 4 has an alternative generator capacity; no complete unambiguous generator equipment row parsed,facility_address: DEQ permit p. 3
5326601_DC_Permit.pdf,53266,2026-05-07,53266-1,needs_equipment_review,p. 4 has an alternative generator capacity; no complete unambiguous generator equipment row parsed,facility_address: DEQ permit p. 3
60353_DC_Permit.pdf,60353,2015-08-07,60353-5,needs_equipment_review,no complete unambiguous generator equipment row parsed,facility_address: DEQ permit p. 4
7180403_DC_Permit.pdf,71804,2009-02-27,71804-3,needs_equipment_review,no complete unambiguous generator equipment row parsed,facility_address: DEQ permit p. 10
7180404_DC_Permit.pdf,71804,2016-11-09,71804-4,parsed,parsed,generator_count and generator_mw_total: DEQ permit p. 4: 5 x 0.9 MW; p. 4: 3 x 1.365 MW
72296_DC_Permit.pdf,72296,2013-01-31,72296-5,needs_equipment_review,multi-row equipment table has no independently stated total to check extraction completeness,
72367_DC_Permit.pdf,72367,2020-02-26,72367-4,needs_equipment_review,equipment table has an additional uncounted generator row,facility_address: DEQ permit p. 3
72368_DC_Permit.pdf,72368,2009-08-28,72368-4,parsed,parsed,generator_count and generator_mw_total: DEQ permit p. 4: 1 x 2 MW; p. 4: 1 x 2 MW
72374_DC_Permit.pdf,72374,2014-03-27,72374-4,needs_equipment_review,no complete unambiguous generator equipment row parsed,
723759_DC_Permit.pdf,72375,2026-03-10,72375-9,parsed,parsed,"facility_address: DEQ permit p. 1, p. 3; generator_count and generator_mw_total: DEQ permit p. 5: 4 x 2.25 MW; p. 5: 5 x 3 MW; p. 5: 2 x 2 MW; p. 5: 3 x 2 MW; p. 5: 4 x 2 MW; p. 5: 1 x 0.275 MW; p. 5: 3 x 2 MW; p. 5: 1 x 0.275 MW"
73158_DC_Permit.pdf,73158,2003-09-16,73158-3,needs_equipment_review,no complete unambiguous generator equipment row parsed,
73160_DC_Permit.pdf,73160,2019-10-30,73160-6,needs_equipment_review,multi-row equipment table has no independently stated total to check extraction completeness,facility_address: DEQ permit p. 1
73162_DC_Permit.pdf,73162,2010-03-05,73162-3,parsed,parsed,facility_address: DEQ permit p. 3; generator_count and generator_mw_total: DEQ permit p. 4: 12 x 2.06 MW; p. 4: 6 x 2.06 MW
73170_DC_Permit.pdf,73170,2000-11-22,73170-1,needs_equipment_review,no complete unambiguous generator equipment row parsed,
73180_DC_Permit.pdf,73180,2008-08-07,73180-4,needs_equipment_review,no complete unambiguous generator equipment row parsed,facility_address: DEQ permit p. 3
73199_DC_Permit.pdf,73199,2009-04-28,73199-3,needs_equipment_review,no complete unambiguous generator equipment row parsed,
7320002_DC_Permit.pdf,73200,2006-10-19,73200-2,needs_equipment_review,no complete unambiguous generator equipment row parsed,
7320003_DC_Permit.pdf,73200,2007-10-18,73200-3,needs_equipment_review,no complete unambiguous generator equipment row parsed,
73230_DC_Permit.pdf,73230,2009-01-09,73230-2,parsed,parsed,"facility_address: DEQ permit p. 1, p. 3; generator_count and generator_mw_total: DEQ permit p. 4: 4 x 1 MW"
73233_DC_Permit.pdf,73233,2024-03-19,73233-8,needs_equipment_review,equipment table has an additional uncounted generator row,
73240_DC_Permit.pdf,73240,2024-09-20,,needs_document_identification,registration number/date do not identify exactly one DEQ-list row,
73293_DC_Permit.pdf,73293,2010-08-12,73293-2,parsed,parsed,facility_address: DEQ permit p. 3; generator_count and generator_mw_total: DEQ permit p. 4: 1 x 1.5 MW; p. 4: 1 x 1.5 MW; p. 4: 1 x 1.5 MW; p. 4: 1 x 1.5 MW
73294_DC_Permit.pdf,73294,2024-10-11,73294-16,parsed,parsed,"facility_address: DEQ permit p. 3, p. 17; generator_count and generator_mw_total: DEQ permit p. 19: 1 x 2 MW"
73341_DC_Permit.pdf,73341,2008-07-25,73341-2,parsed,parsed,generator_count and generator_mw_total: DEQ permit p. 4: 1 x 2 MW
73355_DC_Permit.pdf,73355,2025-05-19,73355-21,parsed,parsed,facility_address: DEQ permit p. 3; generator_count and generator_mw_total: DEQ permit p. 4: 2 x 2.5 MW
73363_DC_Permit.pdf,73363,2014-07-16,73363-2,needs_equipment_review,no complete unambiguous generator equipment row parsed,
733693_DC_Permit.pdf,73369,2025-09-16,73369-3,needs_equipment_review,no complete unambiguous generator equipment row parsed,facility_address: DEQ permit p. 3
7337012_DC_Permit.pdf,73370,2013-08-27,73370-12,parsed,parsed,facility_address: DEQ permit p. 84; generator_count and generator_mw_total: DEQ permit p. 68: 28 x 2.25 MW
7337015_DC_Permit.pdf,73370,2016-12-07,73370-15,needs_equipment_review,no complete unambiguous generator equipment row parsed,facility_address: DEQ permit p. 3
7337016_DC_Permit.pdf,73370,2017-08-23,73370-16,needs_equipment_review,no complete unambiguous generator equipment row parsed,facility_address: DEQ permit p. 3
73567_DC_Permit.pdf,73567,2007-11-07,73567-1,needs_equipment_review,no complete unambiguous generator equipment row parsed,multiple facility-address candidates in permit; none selected
7364301_DC_Permit.pdf,73643,2007-12-19,73643-1,needs_equipment_review,no complete unambiguous generator equipment row parsed,"facility_address: DEQ permit p. 1, p. 3"
7364303_DC_Permit.pdf,73643,2009-08-28,73643-3,needs_equipment_review,no complete unambiguous generator equipment row parsed,
7364304_DC_Permit.pdf,73643,2010-04-29,73643-4,needs_equipment_review,no complete unambiguous generator equipment row parsed,
7364305_DC_Permit.pdf,73643,2011-10-13,73643-5,needs_equipment_review,no complete unambiguous generator equipment row parsed,
7367012_DC_Permit.pdf,73670,2014-01-29,,needs_document_identification,registration number/date do not identify exactly one DEQ-list row,
7367014_DC_Permit.pdf,73670,2025-03-14,73670-14,needs_equipment_review,equipment table has an additional uncounted generator row,facility_address: DEQ permit p. 27
73683_DC_Permit.pdf,73683,2021-08-24,73683-12,parsed,parsed,facility_address: DEQ permit p. 3; generator_count and generator_mw_total: DEQ permit p. 5: 3 x 2 MW; p. 5: 1 x 2.5 MW; p. 5: 7 x 2.05 MW; p. 5: 3 x 2.5 MW; p. 5: 3 x 2.5 MW
7371701_DC_Permit.pdf,73717,2009-01-15,73717-1,parsed,parsed,generator_count and generator_mw_total: DEQ permit p. 4: 1 x 1.025 MW; p. 4: 1 x 1.025 MW; p. 4: 1 x 0.9 MW; p. 4: 1 x 1.025 MW
7371703_DC_Permit.pdf,73717,2019-05-29,73717-3,needs_equipment_review,equipment table has an additional uncounted generator row,
7374123_DC_Permit.pdf,73741,2026-01-20,73741-23,parsed,multiple facility-address candidates in permit; none selected,multiple facility-address candidates in permit; none selected; generator_count and generator_mw_total: DEQ permit p. 5: 1 x 3 MW
73743_DC_Permit.pdf,73743,2025-08-04,73743-7,parsed,parsed,facility_address: DEQ permit p. 3; generator_count and generator_mw_total: DEQ permit p. 5: 12 x 3 MW; p. 5: 2 x 1 MW; p. 5: 26 x 3 MW; p. 5: 1 x 0.75 MW; p. 5: 6 x 2 MW; p. 5: 3 x 2 MW; p. 5: 5 x 2 MW
73757_DC_Permit.pdf,73757,2024-07-30,73757-6,needs_equipment_review,no complete unambiguous generator equipment row parsed,facility_address: DEQ permit p. 3
73798_DC_Permit.pdf,73798,2011-01-28,,needs_document_identification,registration number/date do not identify exactly one DEQ-list row,
73809_DC_Permit.pdf,73809,2010-06-03,73809-1,parsed,parsed,generator_count and generator_mw_total: DEQ permit p. 4: 1 x 0.5 MW; p. 4: 1 x 0.5 MW; p. 4: 1 x 0.3 MW
73813_DC_Permit.pdf,73813,2011-01-26,73813-1,needs_equipment_review,multi-row equipment table has no independently stated total to check extraction completeness,
73823_DC_Permit.pdf,73823,2014-11-17,73823-2,parsed,multiple facility-address candidates in permit; none selected,multiple facility-address candidates in permit; none selected; generator_count and generator_mw_total: DEQ permit p. 13: 1 x 1.6 MW
73853_DC_Permit.pdf,73853,2024-08-27,73853-13,needs_equipment_review,multi-row equipment table has no independently stated total to check extraction completeness,multiple facility-address candidates in permit; none selected
73860_DC_Permit.pdf,73860,2025-01-30,73860-16,needs_equipment_review,multi-row equipment table has no independently stated total to check extraction completeness,multiple facility-address candidates in permit; none selected
73868_DC_Permit.pdf,73868,2011-04-14,73868-1,parsed,parsed,generator_count and generator_mw_total: DEQ permit p. 4: 1 x 0.75 MW
73935_DC_Permit.pdf,73935,2024-12-03,73935-7,needs_equipment_review,multi-row equipment table has no independently stated total to check extraction completeness,facility_address: DEQ permit p. 3
7394606_DC_Permit.pdf,73946,2024-10-01,73946-6,parsed,multiple facility-address candidates in permit; none selected,multiple facility-address candidates in permit; none selected; generator_count and generator_mw_total: DEQ permit p. 5: 14 x 3.5 MW
73954_DC_Permit.pdf,73954,2011-11-07,,needs_document_identification,registration number/date do not identify exactly one DEQ-list row,
7397701_DC_Permit.pdf,73977,2012-04-09,73977-1,needs_equipment_review,no complete unambiguous generator equipment row parsed,facility_address: DEQ permit p. 3
7397702_DC_Permit.pdf,73977,2013-08-19,73977-2,needs_equipment_review,no complete unambiguous generator equipment row parsed,multiple facility-address candidates in permit; none selected
73995_DC_Permit.pdf,73995,2014-05-08,73995-5,needs_equipment_review,multi-row equipment table has no independently stated total to check extraction completeness,
74049_DC_Permit.pdf,74049,2024-05-08,74049-9,parsed,parsed,generator_count and generator_mw_total: DEQ permit p. 5: 6 x 2.5 MW; p. 5: 27 x 2.5 MW; p. 5: 4 x 2 MW; p. 5: 12 x 2 MW; p. 5: 17 x 2.5 MW; p. 5: 12 x 2 MW; p. 5: 32 x 2.5 MW
74052_DC_Permit.pdf,74052,2023-04-25,74052-9,parsed,parsed,generator_count and generator_mw_total: DEQ permit p. 5: 3 x 2.5 MW; p. 5: 13 x 2 MW; p. 5: 3 x 2 MW; p. 5: 42 x 2.5 MW; p. 5: 7 x 0.75 MW
74060_DC_Permit.pdf,74060,2014-07-31,74060-2,needs_equipment_review,no complete unambiguous generator equipment row parsed,multiple facility-address candidates in permit; none selected
740635_DC_Permit.pdf,74063,2026-07-07,74063-5,parsed,parsed,generator_count and generator_mw_total: DEQ permit p. 5: 22 x 2.75 MW; p. 5: 7 x 2.5 MW; p. 5: 1 x 0.6 MW; p. 5: 36 x 2.5 MW; p. 5: 2 x 2.5 MW; p. 5: 16 x 2 MW; p. 5: 26 x 2.5 MW; p. 5: 1 x 0.6 MW
74064_DC_Permit.pdf,74064,2014-02-14,74064-1,needs_equipment_review,no complete unambiguous generator equipment row parsed,
74079_DC_Permit.pdf,74079,2021-04-28,,needs_document_identification,registration number/date do not identify exactly one DEQ-list row,
74080_DC_Permit.pdf,74080,2025-01-21,74080-8,parsed,parsed,generator_count and generator_mw_total: DEQ permit p. 5: 1 x 0.5 MW; p. 5: 72 x 2.5 MW; p. 5: 1 x 1.6 MW; p. 5: 16 x 2.5 MW; p. 5: 8 x 2 MW
74081_DC_Permit.pdf,74081,2024-07-08,74081-4,parsed,multiple facility-address candidates in permit; none selected,multiple facility-address candidates in permit; none selected; generator_count and generator_mw_total: DEQ permit p. 5: 9 x 2.5 MW; p. 5: 40 x 2.75 MW; p. 5: 3 x 0.75 MW; p. 5: 1 x 0.75 MW; p. 5: 27 x 2.5 MW; p. 5: 6 x 2 MW
74085_DC_Permit.pdf,74085,2022-11-21,74085-5,needs_equipment_review,no complete unambiguous generator equipment row parsed,facility_address: DEQ permit p. 3
74086_DC_Permit.pdf,74086,2016-11-01,74086-3,parsed,parsed,facility_address: DEQ permit p. 3; generator_count and generator_mw_total: DEQ permit p. 5: 10 x 2.25 MW; p. 5: 28 x 2.25 MW; p. 5: 1 x 0.75 MW
74094_DC_Permit.pdf,74094,2016-01-13,74094-1,parsed,parsed,generator_count and generator_mw_total: DEQ permit p. 4: 13 x 2.25 MW
74107_DC_Permit.pdf,74107,2021-07-26,74107-6,needs_equipment_review,no complete unambiguous generator equipment row parsed,facility_address: DEQ permit p. 3
74109_DC_Permit.pdf,74109,2016-10-13,74109-2,needs_equipment_review,no complete unambiguous generator equipment row parsed,facility_address: DEQ permit p. 3
741125_DC_Permit.pdf,74112,2026-04-18,74112-5,parsed,multiple facility-address candidates in permit; none selected,multiple facility-address candidates in permit; none selected; generator_count and generator_mw_total: DEQ permit p. 5: 15 x 3 MW; p. 5: 1 x 1 MW; p. 5: 1 x 0.275 MW
74114_DC_Permit.pdf,74114,2022-09-06,74114-3,needs_equipment_review,p. 5 has an alternative generator capacity; no complete unambiguous generator equipment row parsed,
74115_DC_Permit.pdf,74115,2024-10-21,74115-4,parsed,parsed,facility_address: DEQ permit p. 3; generator_count and generator_mw_total: DEQ permit p. 5: 21 x 2.5 MW; p. 5: 32 x 2.5 MW; p. 5: 35 x 2.5 MW
741183_DC_Permit.pdf,74118,2026-04-27,74118-3,parsed,parsed,facility_address: DEQ permit p. 3; generator_count and generator_mw_total: DEQ permit p. 5: 30 x 4 MW; p. 5: 165 x 3 MW
74120_DC_Permit.pdf,74120,2025-07-11,74120-7,parsed,parsed,generator_count and generator_mw_total: DEQ permit p. 5: 24 x 3.25 MW; p. 5: 1 x 1.5 MW; p. 5: 25 x 1.6 MW; p. 5: 20 x 3.25 MW
74121_DC_Permit.pdf,74121,2024-11-06,74121-2,parsed,multiple facility-address candidates in permit; none selected,multiple facility-address candidates in permit; none selected; generator_count and generator_mw_total: DEQ permit p. 5: 15 x 2.5 MW; p. 5: 39 x 2.5 MW; p. 5: 4 x 2 MW
74126_DC_Permit.pdf,74126,2022-10-12,74126-4,parsed,parsed,generator_count and generator_mw_total: DEQ permit p. 4: 2 x 0.6 MW
741273_DC_Permit.pdf,74127,2026-01-20,74127-3,parsed,parsed,facility_address: DEQ permit p. 3; generator_count and generator_mw_total: DEQ permit p. 5: 1 x 2 MW; p. 5: 4 x 2 MW; p. 5: 5 x 2 MW
74129_DC_Permit.pdf,74129,2021-06-28,74129-3,parsed,parsed,generator_count and generator_mw_total: DEQ permit p. 5: 23 x 2.5 MW; p. 5: 23 x 2.5 MW; p. 5: 3 x 2.5 MW; p. 5: 23 x 2.5 MW; p. 5: 2 x 2.5 MW
74130_DC_Permit.pdf,74130,2022-03-03,74130-2,needs_equipment_review,multi-row equipment table has no independently stated total to check extraction completeness,facility_address: DEQ permit p. 3
74141_DC_Permit.pdf,74141,2025-06-10,74141-3,parsed,multiple facility-address candidates in permit; none selected,multiple facility-address candidates in permit; none selected; generator_count and generator_mw_total: DEQ permit p. 5: 17 x 2.5 MW; p. 5: 1 x 1.25 MW; p. 5: 1 x 0.55 MW; p. 5: 19 x 3 MW
74147_DC_Permit.pdf,74147,2020-02-26,74147-1,parsed,parsed,"facility_address: DEQ permit p. 1, p. 3; generator_count and generator_mw_total: DEQ permit p. 4: 8 x 2 MW"
741503_DC_Permit.pdf,74150,2026-07-29,74150-3,parsed,parsed,facility_address: DEQ permit p. 3; generator_count and generator_mw_total: DEQ permit p. 5: 7 x 2.5 MW; p. 5: 13 x 2.5 MW; p. 5: 16 x 2.5 MW; p. 5: 4 x 2 MW
74152_DC_Permit.pdf,74152,2024-01-30,74152-5,parsed,parsed,facility_address: DEQ permit p. 3; generator_count and generator_mw_total: DEQ permit p. 5: 6 x 2.75 MW; p. 5: 3 x 1.75 MW; p. 5: 68 x 2.75 MW; p. 5: 20 x 1.75 MW; p. 5: 1 x 0.25 MW
74153_DC_Permit.pdf,74153,2024-06-21,74153-3,parsed,multiple facility-address candidates in permit; none selected,multiple facility-address candidates in permit; none selected; generator_count and generator_mw_total: DEQ permit p. 5: 8 x 2.5 MW; p. 5: 32 x 2.5 MW; p. 5: 16 x 2.5 MW; p. 5: 2 x 2 MW
741545_DC_Permit.pdf,74154,2026-03-02,74154-5,parsed,parsed,facility_address: DEQ permit p. 3; generator_count and generator_mw_total: DEQ permit p. 5: 7 x 2.725 MW; p. 5: 4 x 1.5 MW
74155_DC_Permit.pdf,74155,2025-02-12,74155-4,parsed,parsed,facility_address: DEQ permit p. 3; generator_count and generator_mw_total: DEQ permit p. 6: 75 x 3 MW; p. 6: 1 x 3 MW; p. 6: 27 x 3 MW
74156_DC_Permit.pdf,74156,2018-09-10,,needs_document_identification,registration number/date do not identify exactly one DEQ-list row,
741603_DC_Permit.pdf,74160,2025-11-21,74160-3,parsed,parsed,generator_count and generator_mw_total: DEQ permit p. 5: 5 x 2 MW; p. 5: 75 x 2 MW
741615_DC_Permit.pdf,74161,2026-03-26,74161-5,needs_equipment_review,p. 5 has an alternative generator capacity; no complete unambiguous generator equipment row parsed,multiple facility-address candidates in permit; none selected
74162_DC_Permit.pdf,74162,2022-04-20,74162-5,parsed,parsed,generator_count and generator_mw_total: DEQ permit p. 5: 49 x 2.75 MW; p. 5: 33 x 2.75 MW; p. 5: 20 x 2.75 MW; p. 5: 15 x 2.75 MW; p. 5: 4 x 2.75 MW; p. 5: 2 x 0.5 MW
74163_DC_Permit.pdf,74163,2025-04-30,74163-9,parsed,parsed,facility_address: DEQ permit p. 3; generator_count and generator_mw_total: DEQ permit p. 6: 1 x 0.131 MW; p. 6: 1 x 2.75 MW
74164_DC_Permit.pdf,74164,2022-10-03,74164-3,parsed,parsed,generator_count and generator_mw_total: DEQ permit p. 5: 12 x 2.5 MW; p. 5: 4 x 2.25 MW; p. 5: 4 x 2.25 MW; p. 5: 1 x 1.5 MW
74167_DC_Permit.pdf,74167,2022-08-05,74167-5,parsed,parsed,facility_address: DEQ permit p. 3; generator_count and generator_mw_total: DEQ permit p. 4: 1 x 2.5 MW
74169_DC_Permit.pdf,74169,2022-07-18,74169-2,needs_equipment_review,p. 5 has an alternative generator capacity; no complete unambiguous generator equipment row parsed,
74170_DC_Permit.pdf,74170,2025-08-08,74170-3,parsed,multiple facility-address candidates in permit; none selected,multiple facility-address candidates in permit; none selected; generator_count and generator_mw_total: DEQ permit p. 5: 22 x 2.75 MW; p. 5: 1 x 0.75 MW; p. 5: 44 x 2.5 MW; p. 5: 2 x 2 MW
741714_DC_Permit.pdf,74171,2026-03-30,74171-4,parsed,parsed,generator_count and generator_mw_total: DEQ permit p. 5: 18 x 2.75 MW; p. 5: 22 x 2.75 MW; p. 5: 1 x 1.6 MW; p. 5: 36 x 2.5 MW; p. 5: 2 x 2 MW; p. 5: 3 x 2.5 MW; p. 5: 8 x 2.5 MW
74172_DC_Permit.pdf,74172,2022-12-06,74172-3,parsed,parsed,facility_address: DEQ permit p. 3; generator_count and generator_mw_total: DEQ permit p. 4: 24 x 2.485 MW
741736_DC_Permit.pdf,74173,2025-11-06,74173-6,needs_equipment_review,p. 6 has an alternative generator capacity; no complete unambiguous generator equipment row parsed,
74174_DC_Permit.pdf,74174,2019-06-12,,needs_document_identification,registration number/date do not identify exactly one DEQ-list row,
74181_DC_Permit.pdf,74181,2020-03-19,74181-1,needs_equipment_review,no complete unambiguous generator equipment row parsed,multiple facility-address candidates in permit; none selected
74184_DC_Permit.pdf,74184,2022-08-01,74184-4,parsed,multiple facility-address candidates in permit; none selected,multiple facility-address candidates in permit; none selected; generator_count and generator_mw_total: DEQ permit p. 5: 26 x 2.5 MW; p. 5: 1 x 0.6 MW; p. 5: 1 x 1.6 MW; p. 5: 52 x 2.5 MW; p. 5: 1 x 0.75 MW; p. 5: 26 x 2.5 MW; p. 5: 1 x 0.6 MW; p. 5: 2 x 2 MW
741895_DC_Permit.pdf,74189,2025-10-17,74189-5,parsed,multiple facility-address candidates in permit; none selected,multiple facility-address candidates in permit; none selected; generator_count and generator_mw_total: DEQ permit p. 5: 3 x 3.35 MW; p. 5: 3 x 3.25 MW; p. 5: 3 x 3.35 MW; p. 5: 26 x 4 MW; p. 5: 1 x 0.8 MW
74190_DC_Permit.pdf,74190,2020-02-19,,needs_document_identification,registration number/date do not identify exactly one DEQ-list row,
74197_DC_Permit.pdf,74197,2022-02-04,74197-3,parsed,multiple facility-address candidates in permit; none selected,multiple facility-address candidates in permit; none selected; generator_count and generator_mw_total: DEQ permit p. 5: 32 x 2.25 MW; p. 5: 32 x 2.25 MW; p. 5: 1 x 2.25 MW
74198_DC_Permit.pdf,74198,2024-07-16,74198-3,parsed,multiple facility-address candidates in permit; none selected,multiple facility-address candidates in permit; none selected; generator_count and generator_mw_total: DEQ permit p. 5: 2 x 2 MW
74201_DC_Permit.pdf,74201,2023-02-08,74201-4,parsed,multiple facility-address candidates in permit; none selected,multiple facility-address candidates in permit; none selected; generator_count and generator_mw_total: DEQ permit p. 6: 3 x 3 MW; p. 6: 1 x 0.5 MW; p. 6: 2 x 3 MW; p. 6: 6 x 3 MW; p. 6: 2 x 3 MW
742054_DC_Permit.pdf,74205,2026-06-16,74205-4,parsed,multiple facility-address candidates in permit; none selected,multiple facility-address candidates in permit; none selected; generator_count and generator_mw_total: DEQ permit p. 5: 1 x 1.6 MW; p. 5: 52 x 2.5 MW; p. 5: 2 x 0.6 MW; p. 5: 2 x 2 MW
74207_DC_Permit.pdf,74207,2024-07-16,74207-3,parsed,multiple facility-address candidates in permit; none selected,multiple facility-address candidates in permit; none selected; generator_count and generator_mw_total: DEQ permit p. 5: 2 x 3 MW; p. 5: 3 x 2 MW; p. 5: 3 x 2 MW
742123_DC_Permit.pdf,74212,2025-10-10,74212-3,needs_equipment_review,p. 5 has an alternative generator capacity; no complete unambiguous generator equipment row parsed,
74214_DC_Permit.pdf,74214,2024-07-09,74214-3,parsed,multiple facility-address candidates in permit; none selected,multiple facility-address candidates in permit; none selected; generator_count and generator_mw_total: DEQ permit p. 5: 96 x 2.75 MW; p. 5: 1 x 1.6 MW; p. 5: 3 x 1 MW; p. 5: 52 x 2.5 MW; p. 5: 2 x 0.6 MW; p. 5: 1 x 1.6 MW
74216_DC_Permit.pdf,74216,2024-02-27,74216-4,needs_equipment_review,p. 5 has an alternative generator capacity; no complete unambiguous generator equipment row parsed,facility_address: DEQ permit p. 3
74220_DC_Permit.pdf,74220,2025-03-07,74220-4,parsed,parsed,facility_address: DEQ permit p. 3; generator_count and generator_mw_total: DEQ permit p. 5: 20 x 3.1 MW; p. 12: 6 x 3.1 MW
74221_DC_Permit.pdf,74221,2025-07-21,74221-4,parsed,parsed,facility_address: DEQ permit p. 3; generator_count and generator_mw_total: DEQ permit p. 5: 2 x 1 MW; p. 5: 1 x 0.5 MW; p. 5: 20 x 3.1 MW; p. 5: 36 x 3.1 MW
74224_DC_Permit.pdf,74224,2023-10-16,74224-3,parsed,parsed,generator_count and generator_mw_total: DEQ permit p. 4: 1 x 1 MW
74227_DC_Permit.pdf,74227,2024-06-21,74227-2,parsed,parsed,generator_count and generator_mw_total: DEQ permit p. 5: 26 x 2.5 MW; p. 5: 1 x 0.6 MW; p. 5: 26 x 2.5 MW; p. 5: 1 x 0.6 MW; p. 5: 1 x 0.6 MW; p. 5: 2 x 2 MW
74232_DC_Permit.pdf,74232,2024-08-05,74232-2,parsed,multiple facility-address candidates in permit; none selected,multiple facility-address candidates in permit; none selected; generator_count and generator_mw_total: DEQ permit p. 5: 1 x 1.588 MW; p. 5: 1 x 1.5 MW; p. 5: 62 x 2.25 MW
742342_DC_Permit.pdf,74234,2025-10-31,74234-2,parsed,parsed,facility_address: DEQ permit p. 3; generator_count and generator_mw_total: DEQ permit p. 6: 16 x 3.1 MW; p. 6: 20 x 4 MW; p. 6: 11 x 3 MW
74235_DC_Permit.pdf,74235,2025-07-23,74235-2,parsed,parsed,generator_count and generator_mw_total: DEQ permit p. 5: 7 x 2.25 MW; p. 5: 68 x 2.25 MW
74236_DC_Permit.pdf,74236,2024-08-05,74236-1,parsed,multiple facility-address candidates in permit; none selected,multiple facility-address candidates in permit; none selected; generator_count and generator_mw_total: DEQ permit p. 4: 1 x 0.75 MW; p. 4: 20 x 3.1 MW; p. 4: 2 x 0.11 MW
74237_DC_Permit.pdf,74237,2024-01-17,74237-1,parsed,parsed,facility_address: DEQ permit p. 3; generator_count and generator_mw_total: DEQ permit p. 4: 20 x 3.1 MW
742392_DC_Permit.pdf,74239,2026-07-29,74239-2,needs_equipment_review,no complete unambiguous generator equipment row parsed,multiple facility-address candidates in permit; none selected
74240_DC_Permit.pdf,74240,2024-03-08,74240-3,parsed,multiple facility-address candidates in permit; none selected,multiple facility-address candidates in permit; none selected; generator_count and generator_mw_total: DEQ permit p. 5: 26 x 2.75 MW; p. 5: 1 x 0.6 MW; p. 5: 26 x 2.5 MW; p. 5: 1 x 0.75 MW; p. 5: 2 x 2 MW; p. 5: 52 x 2.5 MW; p. 5: 2 x 0.6 MW
742414_DC_Permit.pdf,74241,2026-07-29,74241-4,parsed,multiple facility-address candidates in permit; none selected,multiple facility-address candidates in permit; none selected; generator_count and generator_mw_total: DEQ permit p. 5: 65 x 2.25 MW; p. 22: 65 x 2.25 MW; p. 39: 49 x 2.8 MW; p. 39: 49 x 2.8 MW; p. 39: 1 x 0.15 MW
74242_DC_Permit.pdf,74242,2023-09-15,74242-2,parsed,parsed,facility_address: DEQ permit p. 3; generator_count and generator_mw_total: DEQ permit p. 5: 9 x 2.75 MW
74244_DC_Permit.pdf,74244,2024-08-27,74244-2,parsed,multiple facility-address candidates in permit; none selected,multiple facility-address candidates in permit; none selected; generator_count and generator_mw_total: DEQ permit p. 5: 24 x 2.5 MW; p. 5: 1 x 0.6 MW; p. 5: 12 x 2.5 MW; p. 5: 1 x 0.6 MW; p. 5: 2 x 2 MW
74246_DC_Permit.pdf,74246,2025-02-24,74246-2,parsed,multiple facility-address candidates in permit; none selected,multiple facility-address candidates in permit; none selected; generator_count and generator_mw_total: DEQ permit p. 5: 21 x 3 MW; p. 5: 1 x 1.25 MW; p. 20: 21 x 3 MW; p. 20: 1 x 1.25 MW
74247_DC_Permit.pdf,74247,2023-01-06,74247-1,needs_equipment_review,p. 4 has an alternative generator capacity; no complete unambiguous generator equipment row parsed,facility_address: DEQ permit p. 3
74250_DC_Permit.pdf,74250,2025-06-24,74250-2,parsed,parsed,facility_address: DEQ permit p. 3; generator_count and generator_mw_total: DEQ permit p. 5: 104 x 2.75 MW; p. 5: 4 x 0.75 MW; p. 5: 26 x 2.5 MW; p. 5: 1 x 0.6 MW; p. 5: 3 x 1.6 MW; p. 5: 2 x 2 MW
74252_DC_Permit.pdf,74252,2026-04-06,74252-2,parsed,parsed,facility_address: DEQ permit p. 3; generator_count and generator_mw_total: DEQ permit p. 5: 10 x 2.5 MW; p. 5: 12 x 2.5 MW; p. 5: 1 x 0.6 MW; p. 5: 2 x 2 MW
742602_DC_Permit.pdf,74260,2026-04-03,74260-2,parsed,multiple facility-address candidates in permit; none selected,multiple facility-address candidates in permit; none selected; generator_count and generator_mw_total: DEQ permit p. 5: 60 x 3.25 MW; p. 5: 1 x 1.5 MW
742624_DC_Permit.pdf,74262,2026-06-24,74262-4,needs_equipment_review,p. 6 has an alternative generator capacity; no complete unambiguous generator equipment row parsed,
74264_DC_Permit.pdf,74264,2024-09-20,74264-2,needs_equipment_review,multi-row equipment table has no independently stated total to check extraction completeness,
742653_DC_Permit.pdf,74265,2024-10-22,,needs_document_identification,registration number/date do not identify exactly one DEQ-list row,
742692_DC_Permit.pdf,74269,,,needs_document_identification,permit PDF has no readable issue date,
74270_DC_Permit.pdf,74270,2023-10-25,74270-1,parsed,multiple facility-address candidates in permit; none selected,multiple facility-address candidates in permit; none selected; generator_count and generator_mw_total: DEQ permit p. 4: 34 x 2.5 MW; p. 4: 1 x 1.6 MW
74272_DC_Permit.pdf,74272,2023-10-25,74272-1,parsed,multiple facility-address candidates in permit; none selected,multiple facility-address candidates in permit; none selected; generator_count and generator_mw_total: DEQ permit p. 4: 29 x 2.5 MW; p. 4: 1 x 1.6 MW
74273_DC_Permit.pdf,74273,2023-12-19,74273-1,parsed,multiple facility-address candidates in permit; none selected,multiple facility-address candidates in permit; none selected; generator_count and generator_mw_total: DEQ permit p. 5: 100 x 2.5 MW; p. 5: 5 x 0.6 MW; p. 5: 1 x 1.6 MW; p. 5: 2 x 2 MW
74274_DC_Permit.pdf,74274,2023-12-27,74274-1,parsed,multiple facility-address candidates in permit; none selected,multiple facility-address candidates in permit; none selected; generator_count and generator_mw_total: DEQ permit p. 4: 92 x 2.5 MW; p. 4: 4 x 0.75 MW; p. 4: 2 x 2 MW
74276_DC_Permit.pdf,74276,2023-11-13,74276-1,needs_equipment_review,equipment table has an additional uncounted generator row,facility_address: DEQ permit p. 3
74277_DC_Permit.pdf,74277,2025-08-21,74277-2,parsed,parsed,facility_address: DEQ permit p. 3; generator_count and generator_mw_total: DEQ permit p. 5: 104 x 2.5 MW; p. 5: 4 x 0.6 MW; p. 5: 2 x 2 MW
74278_DC_Permit.pdf,74278,2023-10-31,74278-1,parsed,parsed,facility_address: DEQ permit p. 3; generator_count and generator_mw_total: DEQ permit p. 4: 40 x 2.5 MW; p. 4: 2 x 0.6 MW; p. 4: 2 x 2 MW
742842_DC_Permit.pdf,74284,2026-01-05,74284-2,parsed,parsed,facility_address: DEQ permit p. 3; generator_count and generator_mw_total: DEQ permit p. 5: 60 x 0.625 MW; p. 5: 17 x 3.01 MW
74287_DC_Permit.pdf,74287,2024-10-15,74287-1,parsed,parsed,facility_address: DEQ permit p. 3; generator_count and generator_mw_total: DEQ permit p. 4: 22 x 2.75 MW
742882_DC_Permit.pdf,74288,2026-06-01,74288-2,parsed,parsed,facility_address: DEQ permit p. 3; generator_count and generator_mw_total: DEQ permit p. 5: 2 x 0.4 MW; p. 5: 186 x 2.75 MW; p. 5: 5 x 1.6 MW; p. 5: 7 x 0.75 MW; p. 5: 1 x 0.25 MW
74290_DC_Permit.pdf,74290,2024-11-01,74290-1,parsed,parsed,facility_address: DEQ permit p. 3; generator_count and generator_mw_total: DEQ permit p. 4: 20 x 3 MW; p. 4: 1 x 2.25 MW
74296_DC_Permit.pdf,74296,2026-01-20,74296-1,parsed,parsed,facility_address: DEQ permit p. 3; generator_count and generator_mw_total: DEQ permit p. 4: 57 x 3 MW
742992_DC_Permit.pdf,74299,2026-02-20,74299-2,parsed,parsed,facility_address: DEQ permit p. 3; generator_count and generator_mw_total: DEQ permit p. 5: 1 x 0.4 MW; p. 5: 166 x 2.75 MW; p. 5: 5 x 1.6 MW; p. 5: 7 x 0.75 MW; p. 5: 1 x 0.25 MW
74300_DC_Permit.pdf,74300,2025-03-12,74300-1,parsed,parsed,generator_count and generator_mw_total: DEQ permit p. 5: 70 x 2.75 MW; p. 5: 2 x 1 MW; p. 5: 2 x 2 MW
74301_DC_Permit.pdf,74301,2025-03-12,74301-1,parsed,parsed,generator_count and generator_mw_total: DEQ permit p. 5: 166 x 2.75 MW; p. 5: 5 x 1 MW; p. 5: 2 x 2 MW
743021_DC_Permit.pdf,74302,2026-07-15,74302-1,parsed,parsed,facility_address: DEQ permit p. 3; generator_count and generator_mw_total: DEQ permit p. 5: 52 x 2.75 MW; p. 5: 2 x 0.75 MW; p. 5: 96 x 2.75 MW; p. 5: 3 x 1 MW; p. 5: 2 x 2 MW
743062_DC_Permit.pdf,74306,2025-09-18,74306-2,parsed,parsed,facility_address: DEQ permit p. 3; generator_count and generator_mw_total: DEQ permit p. 5: 16 x 3 MW; p. 5: 26 x 3 MW
743081_DC_Permit.pdf,74308,2026-03-23,74308-1,parsed,parsed,generator_count and generator_mw_total: DEQ permit p. 5: 29 x 3 MW; p. 5: 1 x 1 MW
74309_DC_Permit.pdf,74309,2025-03-27,74309-1,parsed,multiple facility-address candidates in permit; none selected,multiple facility-address candidates in permit; none selected; generator_count and generator_mw_total: DEQ permit p. 5: 48 x 2.75 MW; p. 5: 2 x 0.75 MW
74315_DC_Permit.pdf,74315,2025-04-15,74315-1,parsed,parsed,facility_address: DEQ permit p. 3; generator_count and generator_mw_total: DEQ permit p. 4: 24 x 3 MW
74317_DC_Permit.pdf,74317,2025-08-28,74317-1,parsed,parsed,generator_count and generator_mw_total: DEQ permit p. 5: 22 x 2.5 MW; p. 5: 26 x 2.75 MW; p. 5: 26 x 2.75 MW; p. 5: 1 x 0.6 MW; p. 5: 1 x 0.75 MW; p. 5: 1 x 0.75 MW; p. 5: 2 x 1.6 MW; p. 5: 2 x 2 MW
743211_DC_Permit.pdf,74321,2026-01-28,74321-1,parsed,parsed,facility_address: DEQ permit p. 3; generator_count and generator_mw_total: DEQ permit p. 5: 48 x 3.5 MW; p. 5: 48 x 3.5 MW
743232_DC_Permit.pdf,74323,2026-03-16,74323-2,parsed,parsed,facility_address: DEQ permit p. 3; generator_count and generator_mw_total: DEQ permit p. 5: 26 x 2.75 MW; p. 5: 1 x 0.75 MW; p. 5: 76 x 2.75 MW; p. 5: 2 x 1.25 MW
743292_DC_Permit.pdf,74329,2026-03-26,74329-2,parsed,parsed,generator_count and generator_mw_total: DEQ permit p. 5: 192 x 2.75 MW; p. 5: 2 x 0.9 MW; p. 5: 2 x 1 MW
743322_DC_Permit.pdf,74332,2026-01-30,,needs_document_identification,registration number/date do not identify exactly one DEQ-list row,
743331_DC_Permit (1).pdf,74333,2026-03-26,74333-1,parsed,parsed,facility_address: DEQ permit p. 3; generator_count and generator_mw_total: DEQ permit p. 5: 22 x 2.75 MW; p. 5: 1 x 0.75 MW; p. 5: 2 x 2 MW
743331_DC_Permit.pdf,74333,2026-03-26,74333-1,duplicate_document,another downloaded PDF already identifies this DEQ-list permit,
743351_DC_Permit.pdf,74335,2026-03-20,74335-1,parsed,parsed,facility_address: DEQ permit p. 3; generator_count and generator_mw_total: DEQ permit p. 5: 64 x 3.5 MW; p. 5: 12 x 3.25 MW
743361_DC_Permit.pdf,74336,2026-05-22,74336-1,parsed,parsed,generator_count and generator_mw_total: DEQ permit p. 5: 60 x 3.1 MW; p. 5: 2 x 1.5 MW
743371_DC_Permit.pdf,74337,2026-03-20,74337-1,parsed,parsed,generator_count and generator_mw_total: DEQ permit p. 5: 38 x 2.8 MW; p. 5: 1 x 1 MW; p. 5: 2 x 2 MW
743381_DC_Permit.pdf,74338,2026-05-12,74338-1,parsed,parsed,facility_address: DEQ permit p. 3; generator_count and generator_mw_total: DEQ permit p. 5: 48 x 2.75 MW
743411_DC_Permit.pdf,74341,,,needs_document_identification,permit PDF has no readable issue date,
743421_DC_Permit.pdf,74342,2026-06-12,74342-1,parsed,parsed,facility_address: DEQ permit p. 3; generator_count and generator_mw_total: DEQ permit p. 5: 52 x 2.75 MW; p. 5: 1 x 0.75 MW; p. 5: 1 x 0.6 MW; p. 5: 44 x 2.8 MW; p. 5: 2 x 0.75 MW; p. 5: 1 x 0.4 MW; p. 5: 2 x 2 MW
743481_DC_Permit.pdf,74348,2026-08-05,74348-1,needs_equipment_review,p. 5 has an alternative generator capacity; no complete unambiguous generator equipment row parsed,multiple facility-address candidates in permit; none selected
743491_DC_Permit.pdf,74349,2026-07-29,74349-1,parsed,multiple facility-address candidates in permit; none selected,multiple facility-address candidates in permit; none selected; generator_count and generator_mw_total: DEQ permit p. 5: 49 x 2.25 MW
809416_DC_Permit.pdf,80941,2025-10-02,80941-6,needs_equipment_review,no complete unambiguous generator equipment row parsed,
81609_DC_Permit.pdf,81609,2013-10-25,,needs_document_identification,registration number/date do not identify exactly one DEQ-list row,
