air_site_name,registration_no,document_url,issue_date_published,issue_date,program_type,city_county,regional_office,list_as_of,note
Northrop Grumman Systems Corporation,11541-3,https://www.deq.virginia.gov/home/showpublisheddocument/25638/639251514356230000,05/16/2008,2008-05-16,Article 6 - mNSR,Russell Co.,Southwest,2026-09-21,
DP Facilities Inc South LLC,11790-1,https://www.deq.virginia.gov/home/showpublisheddocument/25640/638627840699300000,08/23/2016,2016-08-23,Article 6 - mNSR,Wise Co.,Southwest,2026-09-21,
Microsoft Corporation - East Coast Data Center,21527-7,https://www.deq.virginia.gov/home/showpublisheddocument/25642/638627842668970000,04/24/2024,2024-04-24,Article 1 - Title V,Mecklenburg Co.,Piedmont,2026-09-21,
Microsoft Corporation - East Coast Data Center,21527-15,https://www.deq.virginia.gov/home/showpublisheddocument/25644/638627844150500000,09/19/2023,2023-09-19,Article 6 - mNSR,Mecklenburg Co.,Piedmont,2026-09-21,
TECfusions Clarksville LLC,30142-3,https://www.deq.virginia.gov/home/showpublisheddocument/25646/638754663915730000,02/12/2025,2025-02-12,Article 6 - mNSR,Mecklenburg Co.,Piedmont,2026-09-21,
"Equinix, LLC - CU 1-4",41064-8,https://www.deq.virginia.gov/home/showpublisheddocument/25648/638627869907800000,08/10/2018,2018-08-10,Article 6 - mNSR,Culpeper Co.,Northern,2026-09-21,
QTS Richmond Data Center,51232-16,https://www.deq.virginia.gov/home/showpublisheddocument/25650/638627871515730000,06/24/2024,2024-06-24,Article 6 - mNSR,Henrico Co.,Piedmont,2026-09-21,
11751 Meadowville Owner LLC c/o GFH Capital Ltd,52173-1,https://www.deq.virginia.gov/home/showpublisheddocument/25652/638627883270030000,03/23/2007,2007-03-23,Article 6 - mNSR,Chesterfield Co.,Piedmont,2026-09-21,
Bank of America - Villa Park Drive,52221-9,https://www.deq.virginia.gov/home/showpublisheddocument/35475/639105417626400000,01/12/2026,2026-01-12,Article 6 - mNSR,Henrico Co.,Piedmont,2026-09-21,
Capital One Services Incorporated,52281-10,https://www.deq.virginia.gov/home/showpublisheddocument/25654/639080659420930000,01/22/2026,2026-01-22,Article 6 - mNSR,Henrico Co.,Piedmont,2026-09-21,
Peak 10 Incorporated,52299-3,https://www.deq.virginia.gov/home/showpublisheddocument/25656/638627887859570000,09/12/2013,2013-09-12,Article 6 - mNSR,Henrico Co.,Piedmont,2026-09-21,
Bank of America-Sandston,52403-9,https://www.deq.virginia.gov/home/showpublisheddocument/33144/639052996294330000,02/09/2021,2021-02-09,Article 6 - mNSR,Henrico Co.,Piedmont,2026-09-21,
Chirisa Richmond LLC,52432-6,https://www.deq.virginia.gov/home/showpublisheddocument/25658/639123668249470000,04/09/2026,2026-04-09,Article 6 - mNSR,Chesterfield Co.,Piedmont,2026-09-21,
Scout Development LLC,52629-4,https://www.deq.virginia.gov/home/showpublisheddocument/25660/638627890513100000,06/27/2019,2019-06-27,Article 6 - mNSR,Henrico Co.,Piedmont,2026-09-21,
Microsoft Corp - LVL Data Center,52820-3,https://www.deq.virginia.gov/home/showpublisheddocument/25662/638627893416770000,09/05/2023,2023-09-05,Article 6 - mNSR,Mecklenburg Co.,Piedmont,2026-09-21,
Microsoft Corporation - Timber Data Center,52903-4,https://www.deq.virginia.gov/home/showpublisheddocument/25664/638627894486630000,09/19/2023,2023-09-19,Article 6 - mNSR,Mecklenburg Co.,Piedmont,2026-09-21,
Microsoft Corporation - AVC Data Center,52949-2,https://www.deq.virginia.gov/home/showpublisheddocument/25666/638627906559800000,09/28/2023,2023-09-28,Article 6 - mNSR,Mecklenburg Co.,Piedmont,2026-09-21,
Microsoft Corp DCS - AVC09 Datacenter,52973-2,https://www.deq.virginia.gov/home/showpublisheddocument/25668/638990809945670000,07/23/2025,2025-07-23,Article 6 - mNSR,Mecklenburg Co.,Piedmont,2026-09-21,
Microsoft Corporation - AVC43 Datacenter,53071-1,https://www.deq.virginia.gov/home/showpublisheddocument/25670/638627918390000000,07/12/2023,2023-07-12,Article 6 - mNSR,Mecklenburg Co.,Piedmont,2026-09-21,
Microsoft Corp - LYH10 Datacenter,53072-1,https://www.deq.virginia.gov/home/showpublisheddocument/25672/638627920046200000,07/13/2023,2023-07-13,Article 6 - mNSR,Mecklenburg Co.,Piedmont,2026-09-21,
Microsoft Corp - AVC17 Datacenter,53086-2,https://www.deq.virginia.gov/home/showpublisheddocument/25674/638810119570570000,04/22/2025,2025-04-22,Article 6 - mNSR,Mecklenburg Co.,Piedmont,2026-09-21,
CLOP Ashland VA LLC,53197-2,https://www.deq.virginia.gov/home/showpublisheddocument/37601/639207454970370000,07/21/2026,2026-07-21,Article 6 - mNSR,Hanover Co.,Piedmont,2026-09-21,
Microsoft Corporation - LYH03 Datacenter,53198-1,https://www.deq.virginia.gov/home/showpublisheddocument/28826/638816888168930000,05/01/2025,2025-05-01,Article 6 - mNSR,Mecklenburg Co.,Piedmont,2026-09-21,
QTS Richmond V LLC,53259-1,https://www.deq.virginia.gov/home/showpublisheddocument/35705/639128999105270000,04/22/2026,2026-04-22,Article 6 - mNSR,Henrico Co.,Piedmont,2026-09-21,
Iron Mountain Information Management LLC,53266-1,https://www.deq.virginia.gov/home/showpublisheddocument/36251/639149773966430000,05/07/2026,2026-05-07,Article 6 - mNSR,Henrico Co.,Piedmont,2026-09-21,
Sentara Healthcare,60353-5,https://www.deq.virginia.gov/home/showpublisheddocument/25680/638628502816630000,08/07/2015,2015-08-07,Article 6 - mNSR,Virginia Beach City,Tidewater,2026-09-21,
Vienna Cloud,71804-3,https://www.deq.virginia.gov/home/showpublisheddocument/25684/638628506835400000,02/27/2009,2009-02-27,Article 5 - SOP,Fairfax Co.,Northern,2026-09-21,
Vienna Cloud,71804-4,https://www.deq.virginia.gov/home/showpublisheddocument/25686/638628507317470000,11/09/2016,2016-11-09,Article 6 - mNSR,Fairfax Co.,Northern,2026-09-21,
Coresite Real Estate 12100 Sunrise Valley Drive,72296-5,https://www.deq.virginia.gov/home/showpublisheddocument/25688/638628511407530000,01/31/2013,2013-01-31,Article 6 - mNSR,Fairfax Co.,Northern,2026-09-21,
"Verizon Business Network Services, Inc.",72367-4,https://www.deq.virginia.gov/home/showpublisheddocument/26107/638639799345030000,02/26/2020,2020-02-26,Article 6 - mNSR,Loudoun Co.,Northern,2026-09-21,
"Oath, Inc.",72368-4,https://www.deq.virginia.gov/home/showpublisheddocument/26109/638639800441670000,08/28/2009,2009-08-28,Article 6 - mNSR,Prince William Co.,Northern,2026-09-21,
Comcast Cablevision of Virginia Incorporated,72374-4,https://www.deq.virginia.gov/home/showpublisheddocument/26111/638639801563130000,03/27/2014,2014-03-27,Article 6 - mNSR,Prince William Co.,Northern,2026-09-21,
"Chantilly Technology Partners, LLC/H5 VA",72375-9,https://www.deq.virginia.gov/home/showpublisheddocument/35474/639105417624930000,03/10/2026,2026-03-10,Article 6 - mNSR,Fairfax Co.,Northern,2026-09-21,
22810-22860 International Drive LLC,73158-3,https://www.deq.virginia.gov/home/showpublisheddocument/25694/638628516862330000,09/16/2003,2003-09-16,Article 6 - mNSR,Loudoun Co.,Northern,2026-09-21,
21110 Ridgetop Circle LLC,73160-6,https://www.deq.virginia.gov/home/showpublisheddocument/25696/638628517902900000,10/30/2019,2019-10-30,Article 6 - mNSR,Loudoun Co.,Northern,2026-09-21,
"Digital Realty - Lemur Properties, LLC (VA3)",73162-3,https://www.deq.virginia.gov/home/showpublisheddocument/26115/638639803959100000,03/05/2010,2010-03-05,Article 6 - mNSR,Fairfax Co.,Northern,2026-09-21,
RREEF America REIT II Corp. VVV,73170-1,https://www.deq.virginia.gov/home/showpublisheddocument/25698/638628519198400000,11/22/2000,2000-11-22,Article 6 - mNSR,Fairfax Co.,Northern,2026-09-21,
Digital Realty - Porpoise Ventures LLC (VA4),73180-4,https://www.deq.virginia.gov/home/showpublisheddocument/26117/638639805143900000,08/07/2008,2008-08-07,Article 6 - mNSR,Prince William Co.,Northern,2026-09-21,
Equinix LLC,73199-3,https://www.deq.virginia.gov/home/showpublisheddocument/25700/638628520305900000,04/28/2009,2009-04-28,Article 6 - mNSR,Loudoun Co.,Northern,2026-09-21,
"Equinix, LLC - DC 14",73200-2,https://www.deq.virginia.gov/home/showpublisheddocument/25702/638628522004500000,10/19/2006,2006-10-19,Article 6 - mNSR,Prince William Co.,Northern,2026-09-21,
"Equinix, LLC - DC 14",73200-3,https://www.deq.virginia.gov/home/showpublisheddocument/25704/638628522430330000,10/18/2007,2007-10-18,Article 6 - mNSR,Prince William Co.,Northern,2026-09-21,
Valo Park,73230-2,https://www.deq.virginia.gov/home/showpublisheddocument/25706/638628524505270000,01/09/2009,2009-01-09,Article 5 - SOP,Fairfax Co.,Northern,2026-09-21,
Equinix LLC,73233-8,https://www.deq.virginia.gov/home/showpublisheddocument/25708/638628525678670000,03/19/2024,2024-03-19,Article 6 - mNSR,Loudoun Co.,Northern,2026-09-21,
21571 Beaumeade Circle LLC,73240-4,https://www.deq.virginia.gov/home/showpublisheddocument/25626/638627826472770000,09/24/2024,2024-09-24,Article 6 - mNSR,Loudoun Co.,Northern,2026-09-21,
22995 Wilder Court LLC,73293-2,https://www.deq.virginia.gov/home/showpublisheddocument/25710/638628529262630000,08/12/2010,2010-08-12,Article 6 - mNSR,Loudoun Co.,Northern,2026-09-21,
"Amazon Data Services, Inc. IAD-1 IAD-9",73294-16,https://www.deq.virginia.gov/home/showpublisheddocument/25712/638651993618500000,10/11/2024,2024-10-11,Article 6 - mNSR,Fairfax Co.,Northern,2026-09-21,
VeriSign Incorporated Broad Run Facility2,73341-2,https://www.deq.virginia.gov/home/showpublisheddocument/25716/638628533707970000,07/25/2008,2008-07-25,Article 6 - mNSR,Loudoun Co.,Northern,2026-09-21,
"Amazon Data Services, Inc. IAD-6 IAD-13 IAD-54",73355-21,https://www.deq.virginia.gov/home/showpublisheddocument/25718/638833284719930000,05/19/2025,2025-05-19,Article 6 - mNSR,Loudoun Co.,Northern,2026-09-21,
Inova Health Care Systems - IT Operations,73363-2,https://www.deq.virginia.gov/home/showpublisheddocument/25720/638628535905830000,07/16/2014,2014-07-16,Article 6 - mNSR,Loudoun Co.,Northern,2026-09-21,
New Dominion Technology Park LLC,73369-3,https://www.deq.virginia.gov/home/showpublisheddocument/35473/639105417623670000,09/16/2025,2025-09-16,Article 6 - mNSR,Fairfax Co.,Northern,2026-09-21,
Digital Realty - Ashburn Campus,73370-12,https://www.deq.virginia.gov/home/showpublisheddocument/25724/638628554884570000,08/27/2013,2013-08-27,Article 6 - mNSR,Loudoun Co.,Northern,2026-09-21,
Digital Realty - Ashburn Campus,73370-15,https://www.deq.virginia.gov/home/showpublisheddocument/25726/638628555336170000,12/07/2016,2016-12-07,Article 6 - mNSR,Loudoun Co.,Northern,2026-09-21,
Digital Realty - Ashburn Campus,73370-16,https://www.deq.virginia.gov/home/showpublisheddocument/25728/638628555765770000,08/23/2017,2017-08-23,Article 6 - mNSR,Loudoun Co.,Northern,2026-09-21,
StratCap,73567-1,https://www.deq.virginia.gov/home/showpublisheddocument/25731/638628562585630000,11/07/2007,2007-11-07,Article 6 - mNSR,Fairfax Co.,Northern,2026-09-21,
Visa USA Incorporated,73643-1,https://www.deq.virginia.gov/home/showpublisheddocument/25736/638628566270800000,12/19/2007,2007-12-19,Article 6 - mNSR,Loudoun Co.,Northern,2026-09-21,
Visa USA Incorporated,73643-3,https://www.deq.virginia.gov/home/showpublisheddocument/25738/638628566681670000,08/28/2009,2009-08-28,Article 6 - mNSR,Loudoun Co.,Northern,2026-09-21,
Visa USA Incorporated,73643-4,https://www.deq.virginia.gov/home/showpublisheddocument/25740/638628567068870000,04/29/2010,2010-04-29,Article 6 - mNSR,Loudoun Co.,Northern,2026-09-21,
Visa USA Incorporated,73643-5,https://www.deq.virginia.gov/home/showpublisheddocument/25742/638628567408370000,10/13/2011,2011-10-13,Article 6 - mNSR,Loudoun Co.,Northern,2026-09-21,
Digital Loudoun Pkwy Center N LLC,73670-12,https://www.deq.virginia.gov/home/showpublisheddocument/25744/638628569542570000,10/04/2017,2017-10-04,Article 6 - mNSR,Loudoun Co.,Northern,2026-09-21,
Digital Loudoun Pkwy Center N LLC,73670-14,https://www.deq.virginia.gov/home/showpublisheddocument/25746/638778906125130000,03/14/2025,2025-03-14,Article 1 - Title V,Loudoun Co.,Northern,2026-09-21,
Corporate Office Properties Trust (COPT - DC6),73683-12,https://www.deq.virginia.gov/home/showpublisheddocument/25752/638628571437070000,08/24/2021,2021-08-24,Article 6 - mNSR,Prince William Co.,Northern,2026-09-21,
"Zayo Group, LLC",73717-1,https://www.deq.virginia.gov/home/showpublisheddocument/25754/638628573243030000,01/15/2009,2009-01-15,Article 5 - SOP,Fairfax Co.,Northern,2026-09-21,
"Zayo Group, LLC",73717-3,https://www.deq.virginia.gov/home/showpublisheddocument/25756/638628573682400000,05/29/2019,2019-05-29,Article 6 - mNSR,Fairfax Co.,Northern,2026-09-21,
"Amazon Data Services, Inc. IAD-7 IAD-11 IAD-24",73741-23,https://www.deq.virginia.gov/home/showpublisheddocument/35472/639105417622300000,01/20/2026,2026-01-20,Article 6 - mNSR,Prince William Co.,Northern,2026-09-21,
"Zayo Group, LLC",73743-7,https://www.deq.virginia.gov/home/showpublisheddocument/25760/638900633355070000,08/04/2025,2025-08-04,Article 6 - mNSR,Loudoun Co.,Northern,2026-09-21,
"QTS Dulles, LLC",73757-6,https://www.deq.virginia.gov/home/showpublisheddocument/25762/638628579005200000,07/30/2024,2024-07-30,Article 6 - mNSR,Loudoun Co.,Northern,2026-09-21,
Northrop Grumman Systems Corporation,73798-1,https://www.deq.virginia.gov/home/showpublisheddocument/25766/638628579967470000,03/02/2011,2011-03-02,Article 5 - SOP,Fairfax Co.,Northern,2026-09-21,
"Equinix, LLC - DC 97",73809-1,https://www.deq.virginia.gov/home/showpublisheddocument/26119/638639806328030000,06/03/2010,2010-06-03,Article 5 - SOP,Fairfax Co.,Northern,2026-09-21,
Northrop Grumman Services Corporation,73813-1,https://www.deq.virginia.gov/home/showpublisheddocument/25770/638628584702270000,01/26/2011,2011-01-26,Article 5 - SOP,Fairfax Co.,Northern,2026-09-21,
Level 3 Communications Herndon Gateway,73823-2,https://www.deq.virginia.gov/home/showpublisheddocument/25772/638628585470870000,11/17/2014,2014-11-17,Article 6 - mNSR,Fairfax Co.,Northern,2026-09-21,
"Amazon Data Services, Inc. IAD-10 IAD-32 IAD-98 IAD-99 IAD-118 IAD-119 IAD-129",73853-13,https://www.deq.virginia.gov/home/showpublisheddocument/25624/638627824035800000,08/27/2024,2024-08-27,Article 6 - mNSR,Loudoun Co.,Northern,2026-09-21,
"Amazon Data Services, Inc. IAD-12 IAD-15 IAD-16 IAD-76 IAD-230",73860-16,https://www.deq.virginia.gov/home/showpublisheddocument/25774/638741931683300000,01/30/2025,2025-01-30,Article 6 - mNSR,Loudoun Co.,Northern,2026-09-21,
VADATA Inc MEG Four,73868-1,https://www.deq.virginia.gov/home/showpublisheddocument/25776/638628598977470000,04/14/2011,2011-04-14,Article 6 - mNSR,Loudoun Co.,Northern,2026-09-21,
"Intergate Ashburn, LLC",73935-7,https://www.deq.virginia.gov/home/showpublisheddocument/25781/638693434893870000,12/03/2024,2024-12-03,Article 6 - mNSR,Loudoun Co.,Northern,2026-09-21,
"Equinix, LLC - Ashburn",73946-6,https://www.deq.virginia.gov/home/showpublisheddocument/26024/638634505784000000,10/01/2024,2024-10-01,Article 6 - mNSR,Loudoun Co.,Northern,2026-09-21,
VA1 Data Center,73954-1,https://www.deq.virginia.gov/home/showpublisheddocument/25789/638628695431430000,11/11/2011,2011-11-11,Article 6 - mNSR,Loudoun Co.,Northern,2026-09-21,
The Aerospace Corporation,73977-1,https://www.deq.virginia.gov/home/showpublisheddocument/25791/638628696383770000,04/09/2012,2012-04-09,Article 6 - mNSR,Fairfax Co.,Northern,2026-09-21,
The Aerospace Corporation,73977-2,https://www.deq.virginia.gov/home/showpublisheddocument/25793/638628697085200000,08/19/2013,2013-08-19,Article 6 - mNSR,Fairfax Co.,Northern,2026-09-21,
"Amazon Data Services, Inc.  IAD-14 IAD-52 IAD-59",73995-5,https://www.deq.virginia.gov/home/showpublisheddocument/25795/638628698040000000,05/08/2014,2014-05-08,Article 6 - mNSR,Prince William Co.,Northern,2026-09-21,
"Amazon Data Services, Inc. IAD 50 IAD 60 IAD-71  IAD-78 IAD-79 IAD-80",74049-9,https://www.deq.virginia.gov/home/showpublisheddocument/25797/638990809948170000,05/08/2024,2024-05-08,Article 6 - mNSR,Loudoun Co.,Northern,2026-09-21,
"Amazon Data Services, Inc. IAD-55 IAD-64 IAD-84",74052-9,https://www.deq.virginia.gov/home/showpublisheddocument/25801/638628713136870000,04/25/2023,2023-04-25,Article 6 - mNSR,Prince William Co.,Northern,2026-09-21,
U.S. Customs and Border Protection,74060-2,https://www.deq.virginia.gov/home/showpublisheddocument/25803/638628717903300000,07/31/2014,2014-07-31,Article 6 - mNSR,Fairfax Co.,Northern,2026-09-21,
"Amazon Data Services, Inc. IAD-51 IAD-56 IAD-88 IAD-89",74063-5,https://www.deq.virginia.gov/home/showpublisheddocument/37289/639195462842100000,07/07/2026,2026-07-07,Article 6 - mNSR,Loudoun Co.,Northern,2026-09-21,
"Amazon Data Services, Inc. IAD-57 IAD-58",74064-1,https://www.deq.virginia.gov/home/showpublisheddocument/25807/638628718881430000,02/14/2014,2014-02-14,Article 6 - mNSR,Loudoun Co.,Northern,2026-09-21,
"SI NVA01 ABS, LLC",74079-5,https://www.deq.virginia.gov/home/showpublisheddocument/25811/638628720226470000,08/21/2025,2025-08-21,Article 6 - mNSR,Loudoun Co.,Northern,2026-09-21,
"Amazon Data Services, Inc. IAD-61 IAD-63 IAD-65  IAD-86 IAD-155 IAD-600 IAD-018",74080-8,https://www.deq.virginia.gov/home/showpublisheddocument/25813/638731342312730000,01/21/2025,2025-01-21,Article 6 - mNSR,Loudoun Co.,Northern,2026-09-21,
"Amazon Data Services, Inc. IAD-73 IAD-74 IAD-602 IAD-193 IAD-194",74081-4,https://www.deq.virginia.gov/home/showpublisheddocument/25815/638628727334530000,07/08/2024,2024-07-08,Article 6 - mNSR,Prince William Co.,Northern,2026-09-21,
"Amazon Data Services, Inc. IAD-62/68/81/83/93/609/614",74085-5,https://www.deq.virginia.gov/home/showpublisheddocument/25817/638628727920470000,11/21/2022,2022-11-21,Article 6 - mNSR,Loudoun Co.,Northern,2026-09-21,
CyrusOne Loudoun Tech Center,74086-3,https://www.deq.virginia.gov/home/showpublisheddocument/25819/638628728324170000,11/01/2016,2016-11-01,Article 6 - mNSR,Loudoun Co.,Northern,2026-09-21,
"NTT Global Data Centers VA2, LLC",74094-1,https://www.deq.virginia.gov/home/showpublisheddocument/25821/638628728843130000,01/13/2016,2016-01-13,Article 6 - mNSR,Loudoun Co.,Northern,2026-09-21,
Cloud HQ,74107-6,https://www.deq.virginia.gov/home/showpublisheddocument/25823/638628737610070000,07/26/2021,2021-07-26,Article 6 - mNSR,Prince William Co.,Northern,2026-09-21,
CyrusOne Northern Virginia Data Center - Shaw Road,74109-2,https://www.deq.virginia.gov/home/showpublisheddocument/25825/638628738275030000,10/13/2016,2016-10-13,Article 6 - mNSR,Loudoun Co.,Northern,2026-09-21,
Iron Mountain Information Management LLC,74112-5,https://www.deq.virginia.gov/home/showpublisheddocument/25827/639123668253970000,04/18/2026,2026-04-18,Article 6 - mNSR,Prince William Co.,Northern,2026-09-21,
CyrusOne Kincora,74114-3,https://www.deq.virginia.gov/home/showpublisheddocument/25829/638628740274670000,09/06/2022,2022-09-06,Article 6 - mNSR,Loudoun Co.,Northern,2026-09-21,
"Amazon Data Services, Inc. IAD-75 IAD-85 IAD-95 IAD-96",74115-4,https://www.deq.virginia.gov/home/showpublisheddocument/25831/638652055141070000,10/21/2024,2024-10-21,Article 6 - mNSR,Prince William Co.,Northern,2026-09-21,
Cashvad Ventures LLC,74118-3,https://www.deq.virginia.gov/home/showpublisheddocument/36250/639149773963870000,04/27/2026,2026-04-27,Article 6 - mNSR,Manassas City,Northern,2026-09-21,
"NTT Global Data Centers Americas, Inc.",74120-7,https://www.deq.virginia.gov/home/showpublisheddocument/25835/638880859260730000,07/11/2025,2025-07-11,Article 6 - mNSR,Loudoun Co.,Northern,2026-09-21,
"Amazon Data Services, Inc.  IAD-90 IAD-91 IAD-92",74121-2,https://www.deq.virginia.gov/home/showpublisheddocument/25837/638669942387830000,11/06/2024,2024-11-06,Article 6 - mNSR,Loudoun Co.,Northern,2026-09-21,
"Digital Realty (Digital Loudoun 3 & 4, LLC)",74126-4,https://www.deq.virginia.gov/home/showpublisheddocument/25839/638628759087230000,10/12/2022,2022-10-12,Article 6 - mNSR,Loudoun Co.,Northern,2026-09-21,
Data Center Vint Hill LLC,74127-3,https://www.deq.virginia.gov/home/showpublisheddocument/35471/639105417621030000,01/20/2026,2026-01-20,Article 6 - mNSR,Fauquier Co.,Northern,2026-09-21,
"Amazon Data Services, Inc. IAD-100 IAD-101 IAD-102 IAD-103",74129-3,https://www.deq.virginia.gov/home/showpublisheddocument/25843/638628762496730000,06/28/2021,2021-06-28,Article 6 - mNSR,Prince William Co.,Northern,2026-09-21,
"CoreSite Real Estate Sunrise Technology Park, LLC",74130-2,https://www.deq.virginia.gov/home/showpublisheddocument/25845/638628763112700000,03/03/2022,2022-03-03,Article 6 - mNSR,Fairfax Co.,Northern,2026-09-21,
QTS Investment Properties Ashburn LLC,74141-3,https://www.deq.virginia.gov/home/showpublisheddocument/25847/638852257938270000,06/10/2025,2025-06-10,Article 6 - mNSR,Loudoun Co.,Northern,2026-09-21,
Equinix LLC - DC 13,74147-1,https://www.deq.virginia.gov/home/showpublisheddocument/25849/638628764147670000,02/26/2020,2020-02-26,Article 6 - mNSR,Loudoun Co.,Northern,2026-09-21,
"Amazon Data Services, Inc. IAD-114 IAD-115",74150-3,https://www.deq.virginia.gov/home/showpublisheddocument/25628/639213635757530000,07/29/2026,2026-07-29,Article 6 - mNSR,Loudoun Co.,Northern,2026-09-21,
Wheeler Data Center,74152-5,https://www.deq.virginia.gov/home/showpublisheddocument/25851/638628778348300000,01/30/2024,2024-01-30,Article 6 - mNSR,Loudoun Co.,Northern,2026-09-21,
"Amazon Data Services, Inc. IAD-144  IAD-145",74153-3,https://www.deq.virginia.gov/home/showpublisheddocument/25853/638628778970430000,06/21/2024,2024-06-21,Article 6 - mNSR,Loudoun Co.,Northern,2026-09-21,
Aerospace Data Facility - East,74154-5,https://www.deq.virginia.gov/home/showpublisheddocument/35470/639105417619770000,03/02/2026,2026-03-02,Article 6 - mNSR,Fairfax Co.,Northern,2026-09-21,
Iskander (LC-1A) Jamshid (LC-1B) Kaveh (LC2) Lohrasp Ventures (LC3),74155-4,https://www.deq.virginia.gov/home/showpublisheddocument/25855/638754663567370000,02/12/2025,2025-02-12,Article 6 - mNSR,Loudoun Co.,Northern,2026-09-21,
Sentinel Ashburn Nexus,74156-1,https://www.deq.virginia.gov/home/showpublisheddocument/25857/638628779891900000,11/08/2018,2018-11-08,Article 6 - mNSR,Loudoun Co.,Northern,2026-09-21,
Compass IAD Datacenter,74160-3,https://www.deq.virginia.gov/home/showpublisheddocument/35469/639105417618500000,11/21/2025,2025-11-21,Article 6 - mNSR,Loudoun Co.,Northern,2026-09-21,
QTS Investment Properties Manassas LLC,74161-5,https://www.deq.virginia.gov/home/showpublisheddocument/35468/639105417617070000,03/26/2026,2026-03-26,Article 6 - mNSR,Prince William Co.,Northern,2026-09-21,
"Vantage Data Centers VA11, VA12, VA13, VA14, & VA15",74162-5,https://www.deq.virginia.gov/home/showpublisheddocument/25863/638628785479200000,04/20/2022,2022-04-20,Article 6 - mNSR,Loudoun Co.,Northern,2026-09-21,
"Hayden Technologies, LLC",74163-9,https://www.deq.virginia.gov/home/showpublisheddocument/25865/638816888857770000,04/30/2025,2025-04-30,Article 6 - mNSR,Loudoun Co.,Northern,2026-09-21,
CyrusOne Northern Virginia Data Center - Maries Road,74164-3,https://www.deq.virginia.gov/home/showpublisheddocument/25867/638628786473030000,10/03/2022,2022-10-03,Article 6 - mNSR,Loudoun Co.,Northern,2026-09-21,
"Amazon Data Services, Inc. IAD-132 IAD-133",74167-5,https://www.deq.virginia.gov/home/showpublisheddocument/25869/638628786895530000,08/05/2022,2022-08-05,Article 6 - mNSR,Prince William Co.,Northern,2026-09-21,
"Aligned Energy Data Centers (Ashburn), LLC",74169-2,https://www.deq.virginia.gov/home/showpublisheddocument/25926/638633793013470000,07/18/2022,2022-07-18,Article 6 - mNSR,Loudoun Co.,Northern,2026-09-21,
"Amazon Data Services, Inc. IAD-116 IAD-117",74170-3,https://www.deq.virginia.gov/home/showpublisheddocument/25928/638905045800170000,08/08/2025,2025-08-08,Article 6 - mNSR,Loudoun Co.,Northern,2026-09-21,
"Amazon Data Services (IAD-130, IAD-131, IAD-313 and DCA-072)",74171-4,https://www.deq.virginia.gov/home/showpublisheddocument/36912/639177380199170000,03/30/2026,2026-03-30,Article 6 - mNSR,Prince William Co.,Northern,2026-09-21,
Remington Technology Park Limited Partnership,74172-3,https://www.deq.virginia.gov/home/showpublisheddocument/25932/638633798982670000,12/06/2022,2022-12-06,Article 6 - mNSR,Fauquier Co.,Northern,2026-09-21,
CyrusOne Sterling IX/X/XI,74173-6,https://www.deq.virginia.gov/home/showpublisheddocument/32405/638989963116500000,11/06/2025,2025-11-06,Article 6 - mNSR,Loudoun Co.,Northern,2026-09-21,
"Amazon Data Services, Inc. IAD-150 IAD-151 IAD-152",74174-1,https://www.deq.virginia.gov/home/showpublisheddocument/25936/638633803342700000,08/09/2019,2019-08-09,Article 6 - mNSR,Loudoun Co.,Northern,2026-09-21,
"Amazon Data Services, Inc.",74181-1,https://www.deq.virginia.gov/home/showpublisheddocument/25938/638633845487370000,03/19/2020,2020-03-19,Article 6 - mNSR,Loudoun Co.,Northern,2026-09-21,
"Amazon Data Services, Inc. IAD-140/141/143",74184-4,https://www.deq.virginia.gov/home/showpublisheddocument/25940/638633845946570000,08/01/2022,2022-08-01,Article 6 - mNSR,Loudoun Co.,Northern,2026-09-21,
Equinix LLC (DC-21/DC-22),74189-5,https://www.deq.virginia.gov/home/showpublisheddocument/32404/638989963114970000,10/17/2025,2025-10-17,Article 6 - mNSR,Loudoun Co.,Northern,2026-09-21,
Amazon DCA-50,74190-2,https://www.deq.virginia.gov/home/showpublisheddocument/25944/638633847472900000,07/16/2020,2020-07-16,Article 6 - mNSR,Culpeper Co.,Northern,2026-09-21,
QTS LLC - Ashburn-Shellhorn Data Center,74197-3,https://www.deq.virginia.gov/home/showpublisheddocument/25948/638633853120600000,02/04/2022,2022-02-04,Article 6 - mNSR,Loudoun Co.,Northern,2026-09-21,
Amazon Data Services - DCA-51,74198-3,https://www.deq.virginia.gov/home/showpublisheddocument/25950/638633853758100000,07/16/2024,2024-07-16,Article 6 - mNSR,Fauquier Co.,Northern,2026-09-21,
Microsoft,74201-4,https://www.deq.virginia.gov/home/showpublisheddocument/25952/638633854222530000,02/08/2023,2023-02-08,Article 6 - mNSR,Fauquier Co.,Northern,2026-09-21,
Amazon Data Services Inc IAD-120/121/122,74205-4,https://www.deq.virginia.gov/home/showpublisheddocument/36911/639177380197900000,06/16/2026,2026-06-16,Article 6 - mNSR,Loudoun Co.,Northern,2026-09-21,
Amazon DCA-54,74207-3,https://www.deq.virginia.gov/home/showpublisheddocument/25956/638633855631770000,07/16/2024,2024-07-16,Article 6 - mNSR,Fairfax Co.,Northern,2026-09-21,
Digital Western Lands LLC,74212-3,https://www.deq.virginia.gov/home/showpublisheddocument/32403/638989963113270000,10/10/2025,2025-10-10,Article 6 - mNSR,Loudoun Co.,Northern,2026-09-21,
"Amazon Data Services Inc IAD-161, IAD-162, IAD-606, IAD-285, IAD-286, IAD-299, IAD-611",74214-3,https://www.deq.virginia.gov/home/showpublisheddocument/25960/638633856694070000,07/09/2024,2024-07-09,Article 6 - mNSR,Loudoun Co.,Northern,2026-09-21,
Nova Mango Farms LLC,74216-4,https://www.deq.virginia.gov/home/showpublisheddocument/25962/638633857089300000,02/27/2024,2024-02-27,Article 6 - mNSR,Prince William Co.,Northern,2026-09-21,
Microsoft Corp - Leesburg Data Center (IAD01-02-03-04-05),74220-4,https://www.deq.virginia.gov/home/showpublisheddocument/25630/638771964788470000,03/07/2025,2025-03-07,Article 6 - mNSR,Loudoun Co.,Northern,2026-09-21,
Microsoft Corp Blue Ridge (IAD11-12-13) Data Center,74221-4,https://www.deq.virginia.gov/home/showpublisheddocument/25964/638892954826130000,07/21/2025,2025-07-21,Article 6 - mNSR,Loudoun Co.,Northern,2026-09-21,
"SI NVA02D, LLC",74224-3,https://www.deq.virginia.gov/home/showpublisheddocument/25966/638633868679100000,10/16/2023,2023-10-16,Article 6 - mNSR,Prince William Co.,Northern,2026-09-21,
Amazon Data Services Inc - IAD-163/164/174,74227-2,https://www.deq.virginia.gov/home/showpublisheddocument/25968/638633869100830000,06/21/2024,2024-06-21,Article 6 - mNSR,Loudoun Co.,Northern,2026-09-21,
ASH2 Lockridge Data Center - QTS Investment Properties Ashburn II LLC,74232-2,https://www.deq.virginia.gov/home/showpublisheddocument/25970/638633869849270000,08/05/2024,2024-08-05,Article 6 - mNSR,Loudoun Co.,Northern,2026-09-21,
"Darab Ventures One, Two, Six LLC",74234-2,https://www.deq.virginia.gov/home/showpublisheddocument/32402/638989963111870000,10/31/2025,2025-10-31,Article 6 - mNSR,Loudoun Co.,Northern,2026-09-21,
Cologix ASH1,74235-2,https://www.deq.virginia.gov/home/showpublisheddocument/25974/638889504246870000,07/23/2025,2025-07-23,Article 6 - mNSR,Loudoun Co.,Northern,2026-09-21,
Microsoft - Gainesville Data Center - MNZ03,74236-1,https://www.deq.virginia.gov/home/showpublisheddocument/25976/638633871882970000,08/05/2024,2024-08-05,Article 6 - mNSR,Prince William Co.,Northern,2026-09-21,
Microsoft - Manassas Data Center - MNZ01,74237-1,https://www.deq.virginia.gov/home/showpublisheddocument/25978/638633872515870000,01/17/2024,2024-01-17,Article 6 - mNSR,Prince William Co.,Northern,2026-09-21,
Amazon Data Services Inc - IAD-134/135/136,74239-2,https://www.deq.virginia.gov/home/showpublisheddocument/25980/639213635756000000,07/29/2026,2026-07-29,Article 6 - mNSR,Fairfax Co.,Northern,2026-09-21,
Amazon Data Services Inc - IAD-104/105/106,74240-3,https://www.deq.virginia.gov/home/showpublisheddocument/25982/638633874160100000,03/08/2024,2024-03-08,Article 6 - mNSR,Manassas City,Northern,2026-09-21,
Gainesville Crossing Data Campus - GCDC,74241-4,https://www.deq.virginia.gov/home/showpublisheddocument/35467/639213635754630000,07/29/2026,2026-07-29,Article 6 - mNSR,Prince William Co.,Northern,2026-09-21,
Vantage Data Centers VA2 LLC,74242-2,https://www.deq.virginia.gov/home/showpublisheddocument/25986/638633875365530000,09/15/2023,2023-09-15,Article 6 - mNSR,Loudoun Co.,Northern,2026-09-21,
Amazon Data Services Inc IAD-169/179,74244-2,https://www.deq.virginia.gov/home/showpublisheddocument/25632/638627832777030000,08/27/2024,2024-08-27,Article 6 - mNSR,Loudoun Co.,Northern,2026-09-21,
"SI NVA05A, LLC and SI NVA05D, LLC",74246-2,https://www.deq.virginia.gov/home/showpublisheddocument/25990/638990809950170000,02/24/2025,2025-02-24,Article 6 - mNSR,Manassas City,Northern,2026-09-21,
Aligned Data Centers IAD03,74247-1,https://www.deq.virginia.gov/home/showpublisheddocument/25992/638633943624630000,01/06/2023,2023-01-06,Article 6 - mNSR,Loudoun Co.,Northern,2026-09-21,
Amazon Data Services Inc IAD-156 IAD-157 IAD-158 IAD-159 IAD-327,74250-2,https://www.deq.virginia.gov/home/showpublisheddocument/25994/638864455362300000,06/24/2025,2025-06-24,Article 6 - mNSR,Loudoun Co.,Northern,2026-09-21,
Amazon Data Services IAD-215,74252-2,https://www.deq.virginia.gov/home/showpublisheddocument/25996/639123668256400000,04/06/2026,2026-04-06,Article 6 - mNSR,Loudoun Co.,Northern,2026-09-21,
NTT Global Data Centers VA10 LLC,74260-2,https://www.deq.virginia.gov/home/showpublisheddocument/25998/639123668251800000,04/03/2026,2026-04-03,Article 6 - mNSR,Prince William Co.,Northern,2026-09-21,
"Digital Third Second Manassas, LLC & Digital Carver Brickyard, LLC",74262-4,https://www.deq.virginia.gov/home/showpublisheddocument/37093/639185072674230000,06/24/2026,2026-06-24,Article 6 - mNSR,Prince William Co.,Northern,2026-09-21,
Digital Realty - Sterling Premiere LLC,74264-2,https://www.deq.virginia.gov/home/showpublisheddocument/25636/638627836175800000,09/20/2024,2024-09-20,Article 6 - mNSR,Loudoun Co.,Northern,2026-09-21,
Yondr Data Center,74265-3,https://www.deq.virginia.gov/home/showpublisheddocument/26000/639249936177630000,08/13/2026,2026-08-13,Article 6 - mNSR,Loudoun Co.,Northern,2026-09-21,
STACK Infrastructure Data Center - SI NVA06A LLC,74269-2,https://www.deq.virginia.gov/home/showpublisheddocument/35466/639105417614630000,02/11/2026,2026-02-11,Article 6 - mNSR,Loudoun Co.,Northern,2026-09-21,
Amazon Data Services Inc - DCA-060,74270-1,https://www.deq.virginia.gov/home/showpublisheddocument/26004/638633955502300000,10/25/2023,2023-10-25,Article 6 - mNSR,Culpeper Co.,Northern,2026-09-21,
Amazon Data Services Inc - DCA-64,74272-1,https://www.deq.virginia.gov/home/showpublisheddocument/26006/638633955909770000,10/25/2023,2023-10-25,Article 6 - mNSR,Fairfax Co.,Northern,2026-09-21,
Amazon Data Services Inc - IAD-165/166/167/168/613,74273-1,https://www.deq.virginia.gov/home/showpublisheddocument/26008/638633956319870000,12/19/2023,2023-12-19,Article 6 - mNSR,Fairfax Co.,Northern,2026-09-21,
Amazon Data Services Inc IAD-124/125/126/127,74274-1,https://www.deq.virginia.gov/home/showpublisheddocument/26010/638633959051770000,12/27/2023,2023-12-27,Article 6 - mNSR,Loudoun Co.,Northern,2026-09-21,
H5 Data Centers - Ashburn,74276-1,https://www.deq.virginia.gov/home/showpublisheddocument/26012/638633959746100000,11/13/2023,2023-11-13,Article 6 - mNSR,Loudoun Co.,Northern,2026-09-21,
Amazon Data Services Inc IAD-195/196/197/198,74277-2,https://www.deq.virginia.gov/home/showpublisheddocument/31172/638936293176970000,08/21/2025,2025-08-21,Article 6 - mNSR,Prince William Co.,Northern,2026-09-21,
Amazon Data Services Inc IAD-210/211,74278-1,https://www.deq.virginia.gov/home/showpublisheddocument/26016/638633960792770000,10/31/2023,2023-10-31,Article 6 - mNSR,Prince William Co.,Northern,2026-09-21,
Vantage Data Center VA3 LLC,74284-2,https://www.deq.virginia.gov/home/showpublisheddocument/35465/639105417613130000,01/05/2026,2026-01-05,Article 6 - mNSR,Loudoun Co.,Northern,2026-09-21,
Vantage Data Centers VA16 LLC,74287-1,https://www.deq.virginia.gov/home/showpublisheddocument/26261/638651998243870000,10/15/2024,2024-10-15,Article 6 - mNSR,Loudoun Co.,Northern,2026-09-21,
Amazon Data Services Inc. IAD450 Cosner Tech Campus,74288-2,https://www.deq.virginia.gov/home/showpublisheddocument/36613/639168592121270000,06/01/2026,2026-06-01,Article 6 - mNSR,Spotsylvania Co.,Northern,2026-09-21,
CyrusOne – NVA14,74290-1,https://www.deq.virginia.gov/home/showpublisheddocument/26720/638669941696770000,11/01/2024,2024-11-01,Article 6 - mNSR,Loudoun Co.,Northern,2026-09-21,
Kincora Data Center,74296-1,https://www.deq.virginia.gov/home/showpublisheddocument/33143/639052996292800000,01/20/2026,2026-01-20,Article 6 - mNSR,Loudoun Co.,Northern,2026-09-21,
Amazon Data Services Inc - IAD - 550 Louisa REB,74299-2,https://www.deq.virginia.gov/home/showpublisheddocument/35464/639105417611870000,02/20/2026,2026-02-20,Article 6 - mNSR,Louisa Co.,Northern,2026-09-21,
Amazon Data Services Inc - IAD - 500/501,74300-1,https://www.deq.virginia.gov/home/showpublisheddocument/28092/638778025658170000,03/12/2025,2025-03-12,Article 6 - mNSR,Fairfax Co.,Northern,2026-09-21,
"Amazon Data Services Inc - IAD-667, IAD-668, IAD-669, IAD-670, and IAD-671",74301-1,https://www.deq.virginia.gov/home/showpublisheddocument/28094/638778027138400000,03/12/2025,2025-03-12,Article 6 - mNSR,Loudoun Co.,Northern,2026-09-21,
Amazon Data Services Inc - IAD-243/244/290/291/292,74302-1,https://www.deq.virginia.gov/home/showpublisheddocument/37399/639201548771970000,07/15/2026,2026-07-15,Article 6 - mNSR,Loudoun Co.,Northern,2026-09-21,
"MECP1 Ashburn 2, LLC",74306-2,https://www.deq.virginia.gov/home/showpublisheddocument/32401/638989963110000000,09/18/2025,2025-09-18,Article 6 - mNSR,Loudoun Co.,Northern,2026-09-21,
Digital Filigree LLC,74308-1,https://www.deq.virginia.gov/home/showpublisheddocument/35463/639105417610630000,03/23/2026,2026-03-23,Article 6 - mNSR,Loudoun Co.,Northern,2026-09-21,
Amazon Data Services Inc IAD-350,74309-1,https://www.deq.virginia.gov/home/showpublisheddocument/28344/638790873414030000,03/27/2025,2025-03-27,Article 6 - mNSR,Stafford Co.,Northern,2026-09-21,
"1501 Moran Road Development Owner, LLC",74315-1,https://www.deq.virginia.gov/home/showpublisheddocument/28686/638803848078830000,04/15/2025,2025-04-15,Article 6 - mNSR,Loudoun Co.,Northern,2026-09-21,
Amazon Data Services Inc IAD-205/307/317/612/612x,74317-1,https://www.deq.virginia.gov/home/showpublisheddocument/31174/638936293181930000,08/28/2025,2025-08-28,Article 6 - mNSR,Manassas City,Northern,2026-09-21,
Belmont Innovation Campus,74321-1,https://www.deq.virginia.gov/home/showpublisheddocument/35462/639105417609370000,01/28/2026,2026-01-28,Article 6 - mNSR,Loudoun Co.,Northern,2026-09-21,
"Amazon Data Services Inc IAD-180, IAD-181, IAD-182, & IAD-183",74323-2,https://www.deq.virginia.gov/home/showpublisheddocument/35461/639105417608200000,03/16/2026,2026-03-16,Article 6 - mNSR,Loudoun Co.,Northern,2026-09-21,
Amazon Data Services IAD-870,74329-2,https://www.deq.virginia.gov/home/showpublisheddocument/35666/639123810437200000,03/26/2026,2026-03-26,Article 6 - mNSR,Spotsylvania Co.,Northern,2026-09-21,
Westfax Property Owner A LP/Westfax 4-5A,74331-1,https://www.deq.virginia.gov/home/showpublisheddocument/35458/639105417604630000,03/04/2026,2026-03-04,Article 6 - mNSR,Fairfax Co.,Northern,2026-09-21,DEQ links the same document for permit 74333-1; which permit it belongs to is unverified
Herndon Technology Partners LLC,74332-2,https://www.deq.virginia.gov/home/showpublisheddocument/35459/639213635752900000,07/31/2026,2026-07-31,Article 6 - mNSR,Fairfax Co.,Northern,2026-09-21,
Amazon Data Services Inc IAD-45,74333-1,https://www.deq.virginia.gov/home/showpublisheddocument/35458/639105417604630000,03/26-2026,2026-03-26,Article 6 - mNSR,Prince William Co.,Northern,2026-09-21,"issue date published as ""03/26-2026""; read as 2026-03-26; DEQ links the same document for permit 74331-1; which permit it belongs to is unverified"
SDC Ashburn I - SE Parcel Campus,74335-1,https://www.deq.virginia.gov/home/showpublisheddocument/35457/639105417603370000,03/20/2026,2026-03-20,Article 6  mNSR,Loudoun Co.,Northern,2026-09-21,
Word of Grace Data Center,74336-1,https://www.deq.virginia.gov/home/showpublisheddocument/36294/639150607463270000,05/22/2026,2026-05-22,Article 6 - mNSR,Fairfax Co.,Northern,2026-09-21,
Amazon Data Services Inc IAD-170,74337-1,https://www.deq.virginia.gov/home/showpublisheddocument/35456/639105417601700000,03/20/2026,2026-03-20,Article 6 - mNSR,Loudoun Co.,Northern,2026-09-21,
Vantage Data Centers VA41 LLC,74338-1,https://www.deq.virginia.gov/home/showpublisheddocument/36249/639149773962100000,05/12/2026,2026-05-12,Article 6 - mNSR,Stafford Co.,Northern,2026-09-21,
Clean Arc Data Centers - VA-1 Campus,74341-1,https://www.deq.virginia.gov/home/showpublisheddocument/37147/639189502405330000,07/02/2026,2026-07-02,Article 6 - mNSR,Caroline Co.,Northern,2026-09-21,
Amazon Data Services Inc IAD-110/111/112/113,74342-1,https://www.deq.virginia.gov/home/showpublisheddocument/36910/639177380195570000,06/12/2026,2026-06-12,Article 6 - mNSR,Prince William Co.,Northern,2026-09-21,
DataBank Data Center Culpeper LLC,74348-1,https://www.deq.virginia.gov/home/showpublisheddocument/38108/639257577299170000,08/05/2026,2026-08-05,Article 6-mNSR,Culpeper Co.,Northern,2026-09-21,
Amazon Data Services Inc IAD-264,74349-1,https://www.deq.virginia.gov/home/showpublisheddocument/37970/639213635751370000,07/29/2026,2026-07-29,Article 6 - mNSR,Prince William Co.,Northern,2026-09-21,
Cardinal Energy Corporation,80941-6,https://www.deq.virginia.gov/home/showpublisheddocument/32400/638989963108100000,10/02/2025,2025-10-02,Article 6 - mNSR,Frederick Co.,Valley,2026-09-21,
Anthem CDC 3,81609-5,https://www.deq.virginia.gov/home/showpublisheddocument/26022/639246270937400000,10/24/2013,2013-10-24,Article 6 - mNSR,Harrisonburg City,Valley,2026-09-21,
