registration_no,air_site_name,issue_date,county,operators_named,status,basis,matched_project,candidate_sites,n_candidates,document_url
11541-3,Northrop Grumman Systems Corporation,2008-05-16,Russell,,unmatched,facility name names no operator that has a mapped Virginia site,,,0,https://www.deq.virginia.gov/home/showpublisheddocument/25638/639251514356230000
11790-1,DP Facilities Inc South LLC,2016-08-23,Wise,,unmatched,facility name names no operator that has a mapped Virginia site,,,0,https://www.deq.virginia.gov/home/showpublisheddocument/25640/638627840699300000
21527-7,Microsoft Corporation - East Coast Data Center,2024-04-24,Mecklenburg,Microsoft,needs_permit_location,permit document not yet read: the DEQ list gives only the county,,"Microsoft Boydton Data Center · Mecklenburg, VA",1,https://www.deq.virginia.gov/home/showpublisheddocument/25642/638627842668970000
21527-15,Microsoft Corporation - East Coast Data Center,2023-09-19,Mecklenburg,Microsoft,needs_permit_location,permit document not yet read: the DEQ list gives only the county,,"Microsoft Boydton Data Center · Mecklenburg, VA",1,https://www.deq.virginia.gov/home/showpublisheddocument/25644/638627844150500000
30142-3,TECfusions Clarksville LLC,2025-02-12,Mecklenburg,,unmatched,facility name names no operator that has a mapped Virginia site,,,0,https://www.deq.virginia.gov/home/showpublisheddocument/25646/638754663915730000
41064-8,"Equinix, LLC - CU 1-4",2018-08-10,Culpeper,Equinix,needs_permit_location,permit document not yet read: the DEQ list gives only the county,,"Equinix CU2 · Culpeper, VA",1,https://www.deq.virginia.gov/home/showpublisheddocument/25648/638627869907800000
51232-16,QTS Richmond Data Center,2024-06-24,Henrico,Quality Technology Services,needs_permit_location,permit document not yet read: the DEQ list gives only the county,,"QTS Richmond Data Center · Henrico, VA",1,https://www.deq.virginia.gov/home/showpublisheddocument/25650/638627871515730000
52173-1,11751 Meadowville Owner LLC c/o GFH Capital Ltd,2007-03-23,Chesterfield,,unmatched,facility name names no operator that has a mapped Virginia site,,,0,https://www.deq.virginia.gov/home/showpublisheddocument/25652/638627883270030000
52221-9,Bank of America - Villa Park Drive,2026-01-12,Henrico,,unmatched,facility name names no operator that has a mapped Virginia site,,,0,https://www.deq.virginia.gov/home/showpublisheddocument/35475/639105417626400000
52281-10,Capital One Services Incorporated,2026-01-22,Henrico,,unmatched,facility name names no operator that has a mapped Virginia site,,,0,https://www.deq.virginia.gov/home/showpublisheddocument/25654/639080659420930000
52299-3,Peak 10 Incorporated,2013-09-12,Henrico,,unmatched,facility name names no operator that has a mapped Virginia site,,,0,https://www.deq.virginia.gov/home/showpublisheddocument/25656/638627887859570000
52403-9,Bank of America-Sandston,2021-02-09,Henrico,,unmatched,facility name names no operator that has a mapped Virginia site,,,0,https://www.deq.virginia.gov/home/showpublisheddocument/33144/639052996294330000
52432-6,Chirisa Richmond LLC,2026-04-09,Chesterfield,,unmatched,facility name names no operator that has a mapped Virginia site,,,0,https://www.deq.virginia.gov/home/showpublisheddocument/25658/639123668249470000
52629-4,Scout Development LLC,2019-06-27,Henrico,,unmatched,facility name names no operator that has a mapped Virginia site,,,0,https://www.deq.virginia.gov/home/showpublisheddocument/25660/638627890513100000
52820-3,Microsoft Corp - LVL Data Center,2023-09-05,Mecklenburg,Microsoft,needs_permit_location,permit document not yet read: the DEQ list gives only the county,,"Microsoft Boydton Data Center · Mecklenburg, VA",1,https://www.deq.virginia.gov/home/showpublisheddocument/25662/638627893416770000
52903-4,Microsoft Corporation - Timber Data Center,2023-09-19,Mecklenburg,Microsoft,needs_permit_location,permit document not yet read: the DEQ list gives only the county,,"Microsoft Boydton Data Center · Mecklenburg, VA",1,https://www.deq.virginia.gov/home/showpublisheddocument/25664/638627894486630000
52949-2,Microsoft Corporation - AVC Data Center,2023-09-28,Mecklenburg,Microsoft,needs_permit_location,permit document not yet read: the DEQ list gives only the county,,"Microsoft Boydton Data Center · Mecklenburg, VA",1,https://www.deq.virginia.gov/home/showpublisheddocument/25666/638627906559800000
52973-2,Microsoft Corp DCS - AVC09 Datacenter,2025-07-23,Mecklenburg,Microsoft,needs_permit_location,permit document not yet read: the DEQ list gives only the county,,"Microsoft Boydton Data Center · Mecklenburg, VA",1,https://www.deq.virginia.gov/home/showpublisheddocument/25668/638990809945670000
53071-1,Microsoft Corporation - AVC43 Datacenter,2023-07-12,Mecklenburg,Microsoft,needs_permit_location,permit document not yet read: the DEQ list gives only the county,,"Microsoft Boydton Data Center · Mecklenburg, VA",1,https://www.deq.virginia.gov/home/showpublisheddocument/25670/638627918390000000
53072-1,Microsoft Corp - LYH10 Datacenter,2023-07-13,Mecklenburg,Microsoft,needs_permit_location,permit document not yet read: the DEQ list gives only the county,,"Microsoft Boydton Data Center · Mecklenburg, VA",1,https://www.deq.virginia.gov/home/showpublisheddocument/25672/638627920046200000
53086-2,Microsoft Corp - AVC17 Datacenter,2025-04-22,Mecklenburg,Microsoft,needs_permit_location,permit document not yet read: the DEQ list gives only the county,,"Microsoft Boydton Data Center · Mecklenburg, VA",1,https://www.deq.virginia.gov/home/showpublisheddocument/25674/638810119570570000
53197-2,CLOP Ashland VA LLC,2026-07-21,Hanover,,unmatched,facility name names no operator that has a mapped Virginia site,,,0,https://www.deq.virginia.gov/home/showpublisheddocument/37601/639207454970370000
53198-1,Microsoft Corporation - LYH03 Datacenter,2025-05-01,Mecklenburg,Microsoft,needs_permit_location,permit document not yet read: the DEQ list gives only the county,,"Microsoft Boydton Data Center · Mecklenburg, VA",1,https://www.deq.virginia.gov/home/showpublisheddocument/28826/638816888168930000
53259-1,QTS Richmond V LLC,2026-04-22,Henrico,Quality Technology Services,needs_permit_location,permit document not yet read: the DEQ list gives only the county,,"QTS Richmond Data Center · Henrico, VA",1,https://www.deq.virginia.gov/home/showpublisheddocument/35705/639128999105270000
53266-1,Iron Mountain Information Management LLC,2026-05-07,Henrico,,unmatched,facility name names no operator that has a mapped Virginia site,,,0,https://www.deq.virginia.gov/home/showpublisheddocument/36251/639149773966430000
60353-5,Sentara Healthcare,2015-08-07,Virginia Beach city,,unmatched,facility name names no operator that has a mapped Virginia site,,,0,https://www.deq.virginia.gov/home/showpublisheddocument/25680/638628502816630000
71804-3,Vienna Cloud,2009-02-27,Fairfax,,unmatched,facility name names no operator that has a mapped Virginia site,,,0,https://www.deq.virginia.gov/home/showpublisheddocument/25684/638628506835400000
71804-4,Vienna Cloud,2016-11-09,Fairfax,,unmatched,facility name names no operator that has a mapped Virginia site,,,0,https://www.deq.virginia.gov/home/showpublisheddocument/25686/638628507317470000
72296-5,Coresite Real Estate 12100 Sunrise Valley Drive,2013-01-31,Fairfax,CoreSite,needs_permit_location,permit document not yet read: the DEQ list gives only the county,,"CoreSite Reston VA3 · Fairfax, VA | CoreSite Reston Campus VA1 · Fairfax, VA | CoreSite Reston Campus VA2 · Fairfax, VA",3,https://www.deq.virginia.gov/home/showpublisheddocument/25688/638628511407530000
72367-4,"Verizon Business Network Services, Inc.",2020-02-26,Loudoun,,unmatched,facility name names no operator that has a mapped Virginia site,,,0,https://www.deq.virginia.gov/home/showpublisheddocument/26107/638639799345030000
72368-4,"Oath, Inc.",2009-08-28,Prince William,,unmatched,facility name names no operator that has a mapped Virginia site,,,0,https://www.deq.virginia.gov/home/showpublisheddocument/26109/638639800441670000
72374-4,Comcast Cablevision of Virginia Incorporated,2014-03-27,Prince William,,unmatched,facility name names no operator that has a mapped Virginia site,,,0,https://www.deq.virginia.gov/home/showpublisheddocument/26111/638639801563130000
72375-9,"Chantilly Technology Partners, LLC/H5 VA",2026-03-10,Fairfax,H5,unmatched,no H5 site mapped in Fairfax,,,0,https://www.deq.virginia.gov/home/showpublisheddocument/35474/639105417624930000
73158-3,22810-22860 International Drive LLC,2003-09-16,Loudoun,,unmatched,facility name names no operator that has a mapped Virginia site,,,0,https://www.deq.virginia.gov/home/showpublisheddocument/25694/638628516862330000
73160-6,21110 Ridgetop Circle LLC,2019-10-30,Loudoun,,unmatched,facility name names no operator that has a mapped Virginia site,,,0,https://www.deq.virginia.gov/home/showpublisheddocument/25696/638628517902900000
73162-3,"Digital Realty - Lemur Properties, LLC (VA3)",2010-03-05,Fairfax,Digital Realty,needs_permit_location,permit document not yet read: the DEQ list gives only the county,,"Digital Realty · Fairfax, VA | VA3 · Fairfax, VA",2,https://www.deq.virginia.gov/home/showpublisheddocument/26115/638639803959100000
73170-1,RREEF America REIT II Corp. VVV,2000-11-22,Fairfax,,unmatched,facility name names no operator that has a mapped Virginia site,,,0,https://www.deq.virginia.gov/home/showpublisheddocument/25698/638628519198400000
73180-4,Digital Realty - Porpoise Ventures LLC (VA4),2008-08-07,Prince William,Digital Realty,needs_permit_location,permit document not yet read: the DEQ list gives only the county,,"VA 4 · Prince William, VA",1,https://www.deq.virginia.gov/home/showpublisheddocument/26117/638639805143900000
73199-3,Equinix LLC,2009-04-28,Loudoun,Equinix,needs_permit_location,permit document not yet read: the DEQ list gives only the county,,"Equinix Ashburn DC21 · Loudoun, VA | Equinix DC13 · Loudoun, VA | Equinix · Loudoun, VA | Equinix Ashburn DC11 · Loudoun, VA | Equinix Ashburn DC6 · Loudoun, VA | Equinix Ashburn DC1 · Loudoun, VA | Equinix Ashburn DC5 · Loudoun, VA | Equinix Ashburn DC4 · Loudoun, VA | Equinix Ashburn DC2 · Loudoun, VA | Equinix Ashburn DC10 · Loudoun, VA | Equinix Ashburn DC3 · Loudoun, VA | Equinix Ashburn DC15 · Loudoun, VA | ...",14,https://www.deq.virginia.gov/home/showpublisheddocument/25700/638628520305900000
73200-2,"Equinix, LLC - DC 14",2006-10-19,Prince William,Equinix,unmatched,no Equinix site mapped in Prince William,,,0,https://www.deq.virginia.gov/home/showpublisheddocument/25702/638628522004500000
73200-3,"Equinix, LLC - DC 14",2007-10-18,Prince William,Equinix,unmatched,no Equinix site mapped in Prince William,,,0,https://www.deq.virginia.gov/home/showpublisheddocument/25704/638628522430330000
73230-2,Valo Park,2009-01-09,Fairfax,,unmatched,facility name names no operator that has a mapped Virginia site,,,0,https://www.deq.virginia.gov/home/showpublisheddocument/25706/638628524505270000
73233-8,Equinix LLC,2024-03-19,Loudoun,Equinix,needs_permit_location,permit document not yet read: the DEQ list gives only the county,,"Equinix Ashburn DC21 · Loudoun, VA | Equinix DC13 · Loudoun, VA | Equinix · Loudoun, VA | Equinix Ashburn DC11 · Loudoun, VA | Equinix Ashburn DC6 · Loudoun, VA | Equinix Ashburn DC1 · Loudoun, VA | Equinix Ashburn DC5 · Loudoun, VA | Equinix Ashburn DC4 · Loudoun, VA | Equinix Ashburn DC2 · Loudoun, VA | Equinix Ashburn DC10 · Loudoun, VA | Equinix Ashburn DC3 · Loudoun, VA | Equinix Ashburn DC15 · Loudoun, VA | ...",14,https://www.deq.virginia.gov/home/showpublisheddocument/25708/638628525678670000
73240-4,21571 Beaumeade Circle LLC,2024-09-24,Loudoun,,unmatched,facility name names no operator that has a mapped Virginia site,,,0,https://www.deq.virginia.gov/home/showpublisheddocument/25626/638627826472770000
73293-2,22995 Wilder Court LLC,2010-08-12,Loudoun,,unmatched,facility name names no operator that has a mapped Virginia site,,,0,https://www.deq.virginia.gov/home/showpublisheddocument/25710/638628529262630000
73294-16,"Amazon Data Services, Inc. IAD-1 IAD-9",2024-10-11,Fairfax,Amazon,needs_permit_location,permit document not yet read: the DEQ list gives only the county,,"Amazon IAD-1 · Fairfax, VA | Amazon IAD-9 · Fairfax, VA | Amazon Web Services · Fairfax, VA #1 | Amazon Web Services · Fairfax, VA #2",4,https://www.deq.virginia.gov/home/showpublisheddocument/25712/638651993618500000
73341-2,VeriSign Incorporated Broad Run Facility2,2008-07-25,Loudoun,,unmatched,facility name names no operator that has a mapped Virginia site,,,0,https://www.deq.virginia.gov/home/showpublisheddocument/25716/638628533707970000
73355-21,"Amazon Data Services, Inc. IAD-6 IAD-13 IAD-54",2025-05-19,Loudoun,Amazon,needs_permit_location,permit document not yet read: the DEQ list gives only the county,,"Amazon Web Services · Loudoun, VA #1 | Amazon IAD-61 · Loudoun, VA | Amazon Web Services · Loudoun, VA #2 | Amazon IAD150 · Loudoun, VA | Amazon IAD151 · Loudoun, VA | Amazon IAD152 · Loudoun, VA | Amazon IAD63 · Loudoun, VA | Amazon IAD65 · Loudoun, VA | Amazon IAD86 · Loudoun, VA | Amazon Web Services · Loudoun, VA #3 | Amazon Web Services · Loudoun, VA #4 | Amazon Web Services · Loudoun, VA #5 | ...",76,https://www.deq.virginia.gov/home/showpublisheddocument/25718/638833284719930000
73363-2,Inova Health Care Systems - IT Operations,2014-07-16,Loudoun,,unmatched,facility name names no operator that has a mapped Virginia site,,,0,https://www.deq.virginia.gov/home/showpublisheddocument/25720/638628535905830000
73369-3,New Dominion Technology Park LLC,2025-09-16,Fairfax,,unmatched,facility name names no operator that has a mapped Virginia site,,,0,https://www.deq.virginia.gov/home/showpublisheddocument/35473/639105417623670000
73370-12,Digital Realty - Ashburn Campus,2013-08-27,Loudoun,Digital Realty,needs_permit_location,permit document not yet read: the DEQ list gives only the county,,"Digital Realty Northern Virginia IAD44 · Loudoun, VA | Digital Realty IAD55 · Loudoun, VA | Digital Realty Northern Virginia IAD37 · Loudoun, VA | Digital Realty Northern Virginia IAD35 · Loudoun, VA | Digital Realty Northern Virginia IAD38 · Loudoun, VA | Digital Realty Northern Virginia IAD36 · Loudoun, VA | Digital Realty Northern Virginia IAD12 · Loudoun, VA | Digital Realty Building A · Loudoun, VA | Digital Realty Northern Virginia IAD14 · Loudoun, VA | Digital Realty Northern Virginia IAD24 · Loudoun, VA | Digital Realty IAD42 · Loudoun, VA | Digital Realty Northern Virginia IAD40 · Loudoun, VA | ...",21,https://www.deq.virginia.gov/home/showpublisheddocument/25724/638628554884570000
73370-15,Digital Realty - Ashburn Campus,2016-12-07,Loudoun,Digital Realty,needs_permit_location,permit document not yet read: the DEQ list gives only the county,,"Digital Realty Northern Virginia IAD44 · Loudoun, VA | Digital Realty IAD55 · Loudoun, VA | Digital Realty Northern Virginia IAD37 · Loudoun, VA | Digital Realty Northern Virginia IAD35 · Loudoun, VA | Digital Realty Northern Virginia IAD38 · Loudoun, VA | Digital Realty Northern Virginia IAD36 · Loudoun, VA | Digital Realty Northern Virginia IAD12 · Loudoun, VA | Digital Realty Building A · Loudoun, VA | Digital Realty Northern Virginia IAD14 · Loudoun, VA | Digital Realty Northern Virginia IAD24 · Loudoun, VA | Digital Realty IAD42 · Loudoun, VA | Digital Realty Northern Virginia IAD40 · Loudoun, VA | ...",21,https://www.deq.virginia.gov/home/showpublisheddocument/25726/638628555336170000
73370-16,Digital Realty - Ashburn Campus,2017-08-23,Loudoun,Digital Realty,needs_permit_location,permit document not yet read: the DEQ list gives only the county,,"Digital Realty Northern Virginia IAD44 · Loudoun, VA | Digital Realty IAD55 · Loudoun, VA | Digital Realty Northern Virginia IAD37 · Loudoun, VA | Digital Realty Northern Virginia IAD35 · Loudoun, VA | Digital Realty Northern Virginia IAD38 · Loudoun, VA | Digital Realty Northern Virginia IAD36 · Loudoun, VA | Digital Realty Northern Virginia IAD12 · Loudoun, VA | Digital Realty Building A · Loudoun, VA | Digital Realty Northern Virginia IAD14 · Loudoun, VA | Digital Realty Northern Virginia IAD24 · Loudoun, VA | Digital Realty IAD42 · Loudoun, VA | Digital Realty Northern Virginia IAD40 · Loudoun, VA | ...",21,https://www.deq.virginia.gov/home/showpublisheddocument/25728/638628555765770000
73567-1,StratCap,2007-11-07,Fairfax,,unmatched,facility name names no operator that has a mapped Virginia site,,,0,https://www.deq.virginia.gov/home/showpublisheddocument/25731/638628562585630000
73643-1,Visa USA Incorporated,2007-12-19,Loudoun,,unmatched,facility name names no operator that has a mapped Virginia site,,,0,https://www.deq.virginia.gov/home/showpublisheddocument/25736/638628566270800000
73643-3,Visa USA Incorporated,2009-08-28,Loudoun,,unmatched,facility name names no operator that has a mapped Virginia site,,,0,https://www.deq.virginia.gov/home/showpublisheddocument/25738/638628566681670000
73643-4,Visa USA Incorporated,2010-04-29,Loudoun,,unmatched,facility name names no operator that has a mapped Virginia site,,,0,https://www.deq.virginia.gov/home/showpublisheddocument/25740/638628567068870000
73643-5,Visa USA Incorporated,2011-10-13,Loudoun,,unmatched,facility name names no operator that has a mapped Virginia site,,,0,https://www.deq.virginia.gov/home/showpublisheddocument/25742/638628567408370000
73670-12,Digital Loudoun Pkwy Center N LLC,2017-10-04,Loudoun,,unmatched,facility name names no operator that has a mapped Virginia site,,,0,https://www.deq.virginia.gov/home/showpublisheddocument/25744/638628569542570000
73670-14,Digital Loudoun Pkwy Center N LLC,2025-03-14,Loudoun,,unmatched,facility name names no operator that has a mapped Virginia site,,,0,https://www.deq.virginia.gov/home/showpublisheddocument/25746/638778906125130000
73683-12,Corporate Office Properties Trust (COPT - DC6),2021-08-24,Prince William,,unmatched,facility name names no operator that has a mapped Virginia site,,,0,https://www.deq.virginia.gov/home/showpublisheddocument/25752/638628571437070000
73717-1,"Zayo Group, LLC",2009-01-15,Fairfax,,unmatched,facility name names no operator that has a mapped Virginia site,,,0,https://www.deq.virginia.gov/home/showpublisheddocument/25754/638628573243030000
73717-3,"Zayo Group, LLC",2019-05-29,Fairfax,,unmatched,facility name names no operator that has a mapped Virginia site,,,0,https://www.deq.virginia.gov/home/showpublisheddocument/25756/638628573682400000
73741-23,"Amazon Data Services, Inc. IAD-7 IAD-11 IAD-24",2026-01-20,Prince William,Amazon,needs_permit_location,permit document not yet read: the DEQ list gives only the county,,"Amazon IAD100 · Prince William, VA | Amazon IAD101 · Prince William, VA | Amazon IAD102 · Prince William, VA | Amazon IAD103 · Prince William, VA | Amazon Web Services · Prince William, VA #1 | COPT Innovation Park Data Center · Prince William, VA | COPT Data Center Bldg 2 · Prince William, VA | Amazon Web Services · Prince William, VA #2 | Amazon Web Services · Prince William, VA #3 | Amazon Web Services · Prince William, VA #4 | AWS IAD106 · Prince William, VA | AWS IAD105 · Prince William, VA | ...",36,https://www.deq.virginia.gov/home/showpublisheddocument/35472/639105417622300000
73743-7,"Zayo Group, LLC",2025-08-04,Loudoun,,unmatched,facility name names no operator that has a mapped Virginia site,,,0,https://www.deq.virginia.gov/home/showpublisheddocument/25760/638900633355070000
73757-6,"QTS Dulles, LLC",2024-07-30,Loudoun,Quality Technology Services,needs_permit_location,permit document not yet read: the DEQ list gives only the county,,"QTS Data Centers data center · Loudoun, VA | QTS Ashburn Lockridge · Loudoun, VA #1 | QTS Ashburn Lockridge · Loudoun, VA #2 | QTS Ashburn-Shellhorn DC1 · Loudoun, VA | QTS Ashburn-Shellhorn DC2 · Loudoun, VA | QTS Ashburn 1 · Loudoun, VA",6,https://www.deq.virginia.gov/home/showpublisheddocument/25762/638628579005200000
73798-1,Northrop Grumman Systems Corporation,2011-03-02,Fairfax,,unmatched,facility name names no operator that has a mapped Virginia site,,,0,https://www.deq.virginia.gov/home/showpublisheddocument/25766/638628579967470000
73809-1,"Equinix, LLC - DC 97",2010-06-03,Fairfax,Equinix,needs_permit_location,permit document not yet read: the DEQ list gives only the county,,"Equinix DC7 · Fairfax, VA",1,https://www.deq.virginia.gov/home/showpublisheddocument/26119/638639806328030000
73813-1,Northrop Grumman Services Corporation,2011-01-26,Fairfax,,unmatched,facility name names no operator that has a mapped Virginia site,,,0,https://www.deq.virginia.gov/home/showpublisheddocument/25770/638628584702270000
73823-2,Level 3 Communications Herndon Gateway,2014-11-17,Fairfax,,unmatched,facility name names no operator that has a mapped Virginia site,,,0,https://www.deq.virginia.gov/home/showpublisheddocument/25772/638628585470870000
73853-13,"Amazon Data Services, Inc. IAD-10 IAD-32 IAD-98 IAD-99 IAD-118 IAD-119 IAD-129",2024-08-27,Loudoun,Amazon,needs_permit_location,permit document not yet read: the DEQ list gives only the county,,"Amazon Web Services · Loudoun, VA #1 | Amazon IAD-61 · Loudoun, VA | Amazon Web Services · Loudoun, VA #2 | Amazon IAD150 · Loudoun, VA | Amazon IAD151 · Loudoun, VA | Amazon IAD152 · Loudoun, VA | Amazon IAD63 · Loudoun, VA | Amazon IAD65 · Loudoun, VA | Amazon IAD86 · Loudoun, VA | Amazon Web Services · Loudoun, VA #3 | Amazon Web Services · Loudoun, VA #4 | Amazon Web Services · Loudoun, VA #5 | ...",76,https://www.deq.virginia.gov/home/showpublisheddocument/25624/638627824035800000
73860-16,"Amazon Data Services, Inc. IAD-12 IAD-15 IAD-16 IAD-76 IAD-230",2025-01-30,Loudoun,Amazon,needs_permit_location,permit document not yet read: the DEQ list gives only the county,,"Amazon Web Services · Loudoun, VA #1 | Amazon IAD-61 · Loudoun, VA | Amazon Web Services · Loudoun, VA #2 | Amazon IAD150 · Loudoun, VA | Amazon IAD151 · Loudoun, VA | Amazon IAD152 · Loudoun, VA | Amazon IAD63 · Loudoun, VA | Amazon IAD65 · Loudoun, VA | Amazon IAD86 · Loudoun, VA | Amazon Web Services · Loudoun, VA #3 | Amazon Web Services · Loudoun, VA #4 | Amazon Web Services · Loudoun, VA #5 | ...",76,https://www.deq.virginia.gov/home/showpublisheddocument/25774/638741931683300000
73868-1,VADATA Inc MEG Four,2011-04-14,Loudoun,,unmatched,facility name names no operator that has a mapped Virginia site,,,0,https://www.deq.virginia.gov/home/showpublisheddocument/25776/638628598977470000
73935-7,"Intergate Ashburn, LLC",2024-12-03,Loudoun,,unmatched,facility name names no operator that has a mapped Virginia site,,,0,https://www.deq.virginia.gov/home/showpublisheddocument/25781/638693434893870000
73946-6,"Equinix, LLC - Ashburn",2024-10-01,Loudoun,Equinix,needs_permit_location,permit document not yet read: the DEQ list gives only the county,,"Equinix Ashburn DC21 · Loudoun, VA | Equinix DC13 · Loudoun, VA | Equinix · Loudoun, VA | Equinix Ashburn DC11 · Loudoun, VA | Equinix Ashburn DC6 · Loudoun, VA | Equinix Ashburn DC1 · Loudoun, VA | Equinix Ashburn DC5 · Loudoun, VA | Equinix Ashburn DC4 · Loudoun, VA | Equinix Ashburn DC2 · Loudoun, VA | Equinix Ashburn DC10 · Loudoun, VA | Equinix Ashburn DC3 · Loudoun, VA | Equinix Ashburn DC15 · Loudoun, VA | ...",14,https://www.deq.virginia.gov/home/showpublisheddocument/26024/638634505784000000
73954-1,VA1 Data Center,2011-11-11,Loudoun,,unmatched,facility name names no operator that has a mapped Virginia site,,,0,https://www.deq.virginia.gov/home/showpublisheddocument/25789/638628695431430000
73977-1,The Aerospace Corporation,2012-04-09,Fairfax,,unmatched,facility name names no operator that has a mapped Virginia site,,,0,https://www.deq.virginia.gov/home/showpublisheddocument/25791/638628696383770000
73977-2,The Aerospace Corporation,2013-08-19,Fairfax,,unmatched,facility name names no operator that has a mapped Virginia site,,,0,https://www.deq.virginia.gov/home/showpublisheddocument/25793/638628697085200000
73995-5,"Amazon Data Services, Inc.  IAD-14 IAD-52 IAD-59",2014-05-08,Prince William,Amazon,needs_permit_location,permit document not yet read: the DEQ list gives only the county,,"Amazon IAD100 · Prince William, VA | Amazon IAD101 · Prince William, VA | Amazon IAD102 · Prince William, VA | Amazon IAD103 · Prince William, VA | Amazon Web Services · Prince William, VA #1 | COPT Innovation Park Data Center · Prince William, VA | COPT Data Center Bldg 2 · Prince William, VA | Amazon Web Services · Prince William, VA #2 | Amazon Web Services · Prince William, VA #3 | Amazon Web Services · Prince William, VA #4 | AWS IAD106 · Prince William, VA | AWS IAD105 · Prince William, VA | ...",36,https://www.deq.virginia.gov/home/showpublisheddocument/25795/638628698040000000
74049-9,"Amazon Data Services, Inc. IAD 50 IAD 60 IAD-71  IAD-78 IAD-79 IAD-80",2024-05-08,Loudoun,Amazon,needs_permit_location,permit document not yet read: the DEQ list gives only the county,,"Amazon Web Services · Loudoun, VA #1 | Amazon IAD-61 · Loudoun, VA | Amazon Web Services · Loudoun, VA #2 | Amazon IAD150 · Loudoun, VA | Amazon IAD151 · Loudoun, VA | Amazon IAD152 · Loudoun, VA | Amazon IAD63 · Loudoun, VA | Amazon IAD65 · Loudoun, VA | Amazon IAD86 · Loudoun, VA | Amazon Web Services · Loudoun, VA #3 | Amazon Web Services · Loudoun, VA #4 | Amazon Web Services · Loudoun, VA #5 | ...",76,https://www.deq.virginia.gov/home/showpublisheddocument/25797/638990809948170000
74052-9,"Amazon Data Services, Inc. IAD-55 IAD-64 IAD-84",2023-04-25,Prince William,Amazon,needs_permit_location,permit document not yet read: the DEQ list gives only the county,,"Amazon IAD100 · Prince William, VA | Amazon IAD101 · Prince William, VA | Amazon IAD102 · Prince William, VA | Amazon IAD103 · Prince William, VA | Amazon Web Services · Prince William, VA #1 | COPT Innovation Park Data Center · Prince William, VA | COPT Data Center Bldg 2 · Prince William, VA | Amazon Web Services · Prince William, VA #2 | Amazon Web Services · Prince William, VA #3 | Amazon Web Services · Prince William, VA #4 | AWS IAD106 · Prince William, VA | AWS IAD105 · Prince William, VA | ...",36,https://www.deq.virginia.gov/home/showpublisheddocument/25801/638628713136870000
74060-2,U.S. Customs and Border Protection,2014-07-31,Fairfax,,unmatched,facility name names no operator that has a mapped Virginia site,,,0,https://www.deq.virginia.gov/home/showpublisheddocument/25803/638628717903300000
74063-5,"Amazon Data Services, Inc. IAD-51 IAD-56 IAD-88 IAD-89",2026-07-07,Loudoun,Amazon,needs_permit_location,permit document not yet read: the DEQ list gives only the county,,"Amazon Web Services · Loudoun, VA #1 | Amazon IAD-61 · Loudoun, VA | Amazon Web Services · Loudoun, VA #2 | Amazon IAD150 · Loudoun, VA | Amazon IAD151 · Loudoun, VA | Amazon IAD152 · Loudoun, VA | Amazon IAD63 · Loudoun, VA | Amazon IAD65 · Loudoun, VA | Amazon IAD86 · Loudoun, VA | Amazon Web Services · Loudoun, VA #3 | Amazon Web Services · Loudoun, VA #4 | Amazon Web Services · Loudoun, VA #5 | ...",76,https://www.deq.virginia.gov/home/showpublisheddocument/37289/639195462842100000
74064-1,"Amazon Data Services, Inc. IAD-57 IAD-58",2014-02-14,Loudoun,Amazon,needs_permit_location,permit document not yet read: the DEQ list gives only the county,,"Amazon Web Services · Loudoun, VA #1 | Amazon IAD-61 · Loudoun, VA | Amazon Web Services · Loudoun, VA #2 | Amazon IAD150 · Loudoun, VA | Amazon IAD151 · Loudoun, VA | Amazon IAD152 · Loudoun, VA | Amazon IAD63 · Loudoun, VA | Amazon IAD65 · Loudoun, VA | Amazon IAD86 · Loudoun, VA | Amazon Web Services · Loudoun, VA #3 | Amazon Web Services · Loudoun, VA #4 | Amazon Web Services · Loudoun, VA #5 | ...",76,https://www.deq.virginia.gov/home/showpublisheddocument/25807/638628718881430000
74079-5,"SI NVA01 ABS, LLC",2025-08-21,Loudoun,,unmatched,facility name names no operator that has a mapped Virginia site,,,0,https://www.deq.virginia.gov/home/showpublisheddocument/25811/638628720226470000
74080-8,"Amazon Data Services, Inc. IAD-61 IAD-63 IAD-65  IAD-86 IAD-155 IAD-600 IAD-018",2025-01-21,Loudoun,Amazon,needs_permit_location,permit document not yet read: the DEQ list gives only the county,,"Amazon Web Services · Loudoun, VA #1 | Amazon IAD-61 · Loudoun, VA | Amazon Web Services · Loudoun, VA #2 | Amazon IAD150 · Loudoun, VA | Amazon IAD151 · Loudoun, VA | Amazon IAD152 · Loudoun, VA | Amazon IAD63 · Loudoun, VA | Amazon IAD65 · Loudoun, VA | Amazon IAD86 · Loudoun, VA | Amazon Web Services · Loudoun, VA #3 | Amazon Web Services · Loudoun, VA #4 | Amazon Web Services · Loudoun, VA #5 | ...",76,https://www.deq.virginia.gov/home/showpublisheddocument/25813/638731342312730000
74081-4,"Amazon Data Services, Inc. IAD-73 IAD-74 IAD-602 IAD-193 IAD-194",2024-07-08,Prince William,Amazon,needs_permit_location,permit document not yet read: the DEQ list gives only the county,,"Amazon IAD100 · Prince William, VA | Amazon IAD101 · Prince William, VA | Amazon IAD102 · Prince William, VA | Amazon IAD103 · Prince William, VA | Amazon Web Services · Prince William, VA #1 | COPT Innovation Park Data Center · Prince William, VA | COPT Data Center Bldg 2 · Prince William, VA | Amazon Web Services · Prince William, VA #2 | Amazon Web Services · Prince William, VA #3 | Amazon Web Services · Prince William, VA #4 | AWS IAD106 · Prince William, VA | AWS IAD105 · Prince William, VA | ...",36,https://www.deq.virginia.gov/home/showpublisheddocument/25815/638628727334530000
74085-5,"Amazon Data Services, Inc. IAD-62/68/81/83/93/609/614",2022-11-21,Loudoun,Amazon,needs_permit_location,permit document not yet read: the DEQ list gives only the county,,"Amazon Web Services · Loudoun, VA #1 | Amazon IAD-61 · Loudoun, VA | Amazon Web Services · Loudoun, VA #2 | Amazon IAD150 · Loudoun, VA | Amazon IAD151 · Loudoun, VA | Amazon IAD152 · Loudoun, VA | Amazon IAD63 · Loudoun, VA | Amazon IAD65 · Loudoun, VA | Amazon IAD86 · Loudoun, VA | Amazon Web Services · Loudoun, VA #3 | Amazon Web Services · Loudoun, VA #4 | Amazon Web Services · Loudoun, VA #5 | ...",76,https://www.deq.virginia.gov/home/showpublisheddocument/25817/638628727920470000
74086-3,CyrusOne Loudoun Tech Center,2016-11-01,Loudoun,CyrusOne,needs_permit_location,permit document not yet read: the DEQ list gives only the county,,"CyrusOne Sterling IX · Loudoun, VA | CyrusOne data center · Loudoun, VA | CyrusOne NVA8 · Loudoun, VA | CyrusOne NVA5 · Loudoun, VA | CyrusOne NVA1, NVA2 & NVA3 · Loudoun, VA | CyrusOne NVA7 · Loudoun, VA",6,https://www.deq.virginia.gov/home/showpublisheddocument/25819/638628728324170000
74094-1,"NTT Global Data Centers VA2, LLC",2016-01-13,Loudoun,NTT,needs_permit_location,permit document not yet read: the DEQ list gives only the county,,"NTT Ashburn VA7 Data Center · Loudoun, VA | NTT Ashburn VA3 Data Center · Loudoun, VA | NTT Ashburn VA5 Data Center · Loudoun, VA | NTT Ashburn VA4 Data Center · Loudoun, VA | NTT Ashburn VA8 Data Centre · Loudoun, VA | NTT Ashburn VA1 Data Center · Loudoun, VA | NTT Ashburn VA2 Data Center · Loudoun, VA",7,https://www.deq.virginia.gov/home/showpublisheddocument/25821/638628728843130000
74107-6,Cloud HQ,2021-07-26,Prince William,CloudHQ,needs_permit_location,permit document not yet read: the DEQ list gives only the county,,"CloudHQ MCC3 · Prince William, VA | CloudHQ MCC1 · Prince William, VA | CloudHQ MCC2 · Prince William, VA",3,https://www.deq.virginia.gov/home/showpublisheddocument/25823/638628737610070000
74109-2,CyrusOne Northern Virginia Data Center - Shaw Road,2016-10-13,Loudoun,CyrusOne,needs_permit_location,permit document not yet read: the DEQ list gives only the county,,"CyrusOne Sterling IX · Loudoun, VA | CyrusOne data center · Loudoun, VA | CyrusOne NVA8 · Loudoun, VA | CyrusOne NVA5 · Loudoun, VA | CyrusOne NVA1, NVA2 & NVA3 · Loudoun, VA | CyrusOne NVA7 · Loudoun, VA",6,https://www.deq.virginia.gov/home/showpublisheddocument/25825/638628738275030000
74112-5,Iron Mountain Information Management LLC,2026-04-18,Prince William,,unmatched,facility name names no operator that has a mapped Virginia site,,,0,https://www.deq.virginia.gov/home/showpublisheddocument/25827/639123668253970000
74114-3,CyrusOne Kincora,2022-09-06,Loudoun,CyrusOne,needs_permit_location,permit document not yet read: the DEQ list gives only the county,,"CyrusOne Sterling IX · Loudoun, VA | CyrusOne data center · Loudoun, VA | CyrusOne NVA8 · Loudoun, VA | CyrusOne NVA5 · Loudoun, VA | CyrusOne NVA1, NVA2 & NVA3 · Loudoun, VA | CyrusOne NVA7 · Loudoun, VA",6,https://www.deq.virginia.gov/home/showpublisheddocument/25829/638628740274670000
74115-4,"Amazon Data Services, Inc. IAD-75 IAD-85 IAD-95 IAD-96",2024-10-21,Prince William,Amazon,needs_permit_location,permit document not yet read: the DEQ list gives only the county,,"Amazon IAD100 · Prince William, VA | Amazon IAD101 · Prince William, VA | Amazon IAD102 · Prince William, VA | Amazon IAD103 · Prince William, VA | Amazon Web Services · Prince William, VA #1 | COPT Innovation Park Data Center · Prince William, VA | COPT Data Center Bldg 2 · Prince William, VA | Amazon Web Services · Prince William, VA #2 | Amazon Web Services · Prince William, VA #3 | Amazon Web Services · Prince William, VA #4 | AWS IAD106 · Prince William, VA | AWS IAD105 · Prince William, VA | ...",36,https://www.deq.virginia.gov/home/showpublisheddocument/25831/638652055141070000
74118-3,Cashvad Ventures LLC,2026-04-27,Manassas city,,unmatched,facility name names no operator that has a mapped Virginia site,,,0,https://www.deq.virginia.gov/home/showpublisheddocument/36250/639149773963870000
74120-7,"NTT Global Data Centers Americas, Inc.",2025-07-11,Loudoun,NTT,needs_permit_location,permit document not yet read: the DEQ list gives only the county,,"NTT Ashburn VA7 Data Center · Loudoun, VA | NTT Ashburn VA3 Data Center · Loudoun, VA | NTT Ashburn VA5 Data Center · Loudoun, VA | NTT Ashburn VA4 Data Center · Loudoun, VA | NTT Ashburn VA8 Data Centre · Loudoun, VA | NTT Ashburn VA1 Data Center · Loudoun, VA | NTT Ashburn VA2 Data Center · Loudoun, VA",7,https://www.deq.virginia.gov/home/showpublisheddocument/25835/638880859260730000
74121-2,"Amazon Data Services, Inc.  IAD-90 IAD-91 IAD-92",2024-11-06,Loudoun,Amazon,needs_permit_location,permit document not yet read: the DEQ list gives only the county,,"Amazon Web Services · Loudoun, VA #1 | Amazon IAD-61 · Loudoun, VA | Amazon Web Services · Loudoun, VA #2 | Amazon IAD150 · Loudoun, VA | Amazon IAD151 · Loudoun, VA | Amazon IAD152 · Loudoun, VA | Amazon IAD63 · Loudoun, VA | Amazon IAD65 · Loudoun, VA | Amazon IAD86 · Loudoun, VA | Amazon Web Services · Loudoun, VA #3 | Amazon Web Services · Loudoun, VA #4 | Amazon Web Services · Loudoun, VA #5 | ...",76,https://www.deq.virginia.gov/home/showpublisheddocument/25837/638669942387830000
74126-4,"Digital Realty (Digital Loudoun 3 & 4, LLC)",2022-10-12,Loudoun,Digital Realty,needs_permit_location,permit document not yet read: the DEQ list gives only the county,,"Digital Realty Northern Virginia IAD44 · Loudoun, VA | Digital Realty IAD55 · Loudoun, VA | Digital Realty Northern Virginia IAD37 · Loudoun, VA | Digital Realty Northern Virginia IAD35 · Loudoun, VA | Digital Realty Northern Virginia IAD38 · Loudoun, VA | Digital Realty Northern Virginia IAD36 · Loudoun, VA | Digital Realty Northern Virginia IAD12 · Loudoun, VA | Digital Realty Building A · Loudoun, VA | Digital Realty Northern Virginia IAD14 · Loudoun, VA | Digital Realty Northern Virginia IAD24 · Loudoun, VA | Digital Realty IAD42 · Loudoun, VA | Digital Realty Northern Virginia IAD40 · Loudoun, VA | ...",21,https://www.deq.virginia.gov/home/showpublisheddocument/25839/638628759087230000
74127-3,Data Center Vint Hill LLC,2026-01-20,Fauquier,,unmatched,facility name names no operator that has a mapped Virginia site,,,0,https://www.deq.virginia.gov/home/showpublisheddocument/35471/639105417621030000
74129-3,"Amazon Data Services, Inc. IAD-100 IAD-101 IAD-102 IAD-103",2021-06-28,Prince William,Amazon,needs_permit_location,permit document not yet read: the DEQ list gives only the county,,"Amazon IAD100 · Prince William, VA | Amazon IAD101 · Prince William, VA | Amazon IAD102 · Prince William, VA | Amazon IAD103 · Prince William, VA | Amazon Web Services · Prince William, VA #1 | COPT Innovation Park Data Center · Prince William, VA | COPT Data Center Bldg 2 · Prince William, VA | Amazon Web Services · Prince William, VA #2 | Amazon Web Services · Prince William, VA #3 | Amazon Web Services · Prince William, VA #4 | AWS IAD106 · Prince William, VA | AWS IAD105 · Prince William, VA | ...",36,https://www.deq.virginia.gov/home/showpublisheddocument/25843/638628762496730000
74130-2,"CoreSite Real Estate Sunrise Technology Park, LLC",2022-03-03,Fairfax,CoreSite,needs_permit_location,permit document not yet read: the DEQ list gives only the county,,"CoreSite Reston VA3 · Fairfax, VA | CoreSite Reston Campus VA1 · Fairfax, VA | CoreSite Reston Campus VA2 · Fairfax, VA",3,https://www.deq.virginia.gov/home/showpublisheddocument/25845/638628763112700000
74141-3,QTS Investment Properties Ashburn LLC,2025-06-10,Loudoun,Quality Technology Services,needs_permit_location,permit document not yet read: the DEQ list gives only the county,,"QTS Data Centers data center · Loudoun, VA | QTS Ashburn Lockridge · Loudoun, VA #1 | QTS Ashburn Lockridge · Loudoun, VA #2 | QTS Ashburn-Shellhorn DC1 · Loudoun, VA | QTS Ashburn-Shellhorn DC2 · Loudoun, VA | QTS Ashburn 1 · Loudoun, VA",6,https://www.deq.virginia.gov/home/showpublisheddocument/25847/638852257938270000
74147-1,Equinix LLC - DC 13,2020-02-26,Loudoun,Equinix,needs_permit_location,permit document not yet read: the DEQ list gives only the county,,"Equinix Ashburn DC21 · Loudoun, VA | Equinix DC13 · Loudoun, VA | Equinix · Loudoun, VA | Equinix Ashburn DC11 · Loudoun, VA | Equinix Ashburn DC6 · Loudoun, VA | Equinix Ashburn DC1 · Loudoun, VA | Equinix Ashburn DC5 · Loudoun, VA | Equinix Ashburn DC4 · Loudoun, VA | Equinix Ashburn DC2 · Loudoun, VA | Equinix Ashburn DC10 · Loudoun, VA | Equinix Ashburn DC3 · Loudoun, VA | Equinix Ashburn DC15 · Loudoun, VA | ...",14,https://www.deq.virginia.gov/home/showpublisheddocument/25849/638628764147670000
74150-3,"Amazon Data Services, Inc. IAD-114 IAD-115",2026-07-29,Loudoun,Amazon,needs_permit_location,permit document not yet read: the DEQ list gives only the county,,"Amazon Web Services · Loudoun, VA #1 | Amazon IAD-61 · Loudoun, VA | Amazon Web Services · Loudoun, VA #2 | Amazon IAD150 · Loudoun, VA | Amazon IAD151 · Loudoun, VA | Amazon IAD152 · Loudoun, VA | Amazon IAD63 · Loudoun, VA | Amazon IAD65 · Loudoun, VA | Amazon IAD86 · Loudoun, VA | Amazon Web Services · Loudoun, VA #3 | Amazon Web Services · Loudoun, VA #4 | Amazon Web Services · Loudoun, VA #5 | ...",76,https://www.deq.virginia.gov/home/showpublisheddocument/25628/639213635757530000
74152-5,Wheeler Data Center,2024-01-30,Loudoun,,unmatched,facility name names no operator that has a mapped Virginia site,,,0,https://www.deq.virginia.gov/home/showpublisheddocument/25851/638628778348300000
74153-3,"Amazon Data Services, Inc. IAD-144  IAD-145",2024-06-21,Loudoun,Amazon,needs_permit_location,permit document not yet read: the DEQ list gives only the county,,"Amazon Web Services · Loudoun, VA #1 | Amazon IAD-61 · Loudoun, VA | Amazon Web Services · Loudoun, VA #2 | Amazon IAD150 · Loudoun, VA | Amazon IAD151 · Loudoun, VA | Amazon IAD152 · Loudoun, VA | Amazon IAD63 · Loudoun, VA | Amazon IAD65 · Loudoun, VA | Amazon IAD86 · Loudoun, VA | Amazon Web Services · Loudoun, VA #3 | Amazon Web Services · Loudoun, VA #4 | Amazon Web Services · Loudoun, VA #5 | ...",76,https://www.deq.virginia.gov/home/showpublisheddocument/25853/638628778970430000
74154-5,Aerospace Data Facility - East,2026-03-02,Fairfax,,unmatched,facility name names no operator that has a mapped Virginia site,,,0,https://www.deq.virginia.gov/home/showpublisheddocument/35470/639105417619770000
74155-4,Iskander (LC-1A) Jamshid (LC-1B) Kaveh (LC2) Lohrasp Ventures (LC3),2025-02-12,Loudoun,,unmatched,facility name names no operator that has a mapped Virginia site,,,0,https://www.deq.virginia.gov/home/showpublisheddocument/25855/638754663567370000
74156-1,Sentinel Ashburn Nexus,2018-11-08,Loudoun,,unmatched,facility name names no operator that has a mapped Virginia site,,,0,https://www.deq.virginia.gov/home/showpublisheddocument/25857/638628779891900000
74160-3,Compass IAD Datacenter,2025-11-21,Loudoun,,unmatched,facility name names no operator that has a mapped Virginia site,,,0,https://www.deq.virginia.gov/home/showpublisheddocument/35469/639105417618500000
74161-5,QTS Investment Properties Manassas LLC,2026-03-26,Prince William,Quality Technology Services,needs_permit_location,permit document not yet read: the DEQ list gives only the county,,"QTS Manassas DC1 · Prince William, VA #1 | QTS Manassas DC1 · Prince William, VA #2 | QTS Manassas DC2 · Prince William, VA | QTS Manassas DC5 · Prince William, VA",4,https://www.deq.virginia.gov/home/showpublisheddocument/35468/639105417617070000
74162-5,"Vantage Data Centers VA11, VA12, VA13, VA14, & VA15",2022-04-20,Loudoun,Vantage,needs_permit_location,permit document not yet read: the DEQ list gives only the county,,"Vantage VA12 · Loudoun, VA | Vantage VA11 · Loudoun, VA | Vantage VA13 · Loudoun, VA",3,https://www.deq.virginia.gov/home/showpublisheddocument/25863/638628785479200000
74163-9,"Hayden Technologies, LLC",2025-04-30,Loudoun,,unmatched,facility name names no operator that has a mapped Virginia site,,,0,https://www.deq.virginia.gov/home/showpublisheddocument/25865/638816888857770000
74164-3,CyrusOne Northern Virginia Data Center - Maries Road,2022-10-03,Loudoun,CyrusOne,needs_permit_location,permit document not yet read: the DEQ list gives only the county,,"CyrusOne Sterling IX · Loudoun, VA | CyrusOne data center · Loudoun, VA | CyrusOne NVA8 · Loudoun, VA | CyrusOne NVA5 · Loudoun, VA | CyrusOne NVA1, NVA2 & NVA3 · Loudoun, VA | CyrusOne NVA7 · Loudoun, VA",6,https://www.deq.virginia.gov/home/showpublisheddocument/25867/638628786473030000
74167-5,"Amazon Data Services, Inc. IAD-132 IAD-133",2022-08-05,Prince William,Amazon,needs_permit_location,permit document not yet read: the DEQ list gives only the county,,"Amazon IAD100 · Prince William, VA | Amazon IAD101 · Prince William, VA | Amazon IAD102 · Prince William, VA | Amazon IAD103 · Prince William, VA | Amazon Web Services · Prince William, VA #1 | COPT Innovation Park Data Center · Prince William, VA | COPT Data Center Bldg 2 · Prince William, VA | Amazon Web Services · Prince William, VA #2 | Amazon Web Services · Prince William, VA #3 | Amazon Web Services · Prince William, VA #4 | AWS IAD106 · Prince William, VA | AWS IAD105 · Prince William, VA | ...",36,https://www.deq.virginia.gov/home/showpublisheddocument/25869/638628786895530000
74169-2,"Aligned Energy Data Centers (Ashburn), LLC",2022-07-18,Loudoun,Aligned,needs_permit_location,permit document not yet read: the DEQ list gives only the county,,"Aligned IAD03 · Loudoun, VA | Aligned IAD02 · Loudoun, VA | Aligned Ashburn · Loudoun, VA",3,https://www.deq.virginia.gov/home/showpublisheddocument/25926/638633793013470000
74170-3,"Amazon Data Services, Inc. IAD-116 IAD-117",2025-08-08,Loudoun,Amazon,needs_permit_location,permit document not yet read: the DEQ list gives only the county,,"Amazon Web Services · Loudoun, VA #1 | Amazon IAD-61 · Loudoun, VA | Amazon Web Services · Loudoun, VA #2 | Amazon IAD150 · Loudoun, VA | Amazon IAD151 · Loudoun, VA | Amazon IAD152 · Loudoun, VA | Amazon IAD63 · Loudoun, VA | Amazon IAD65 · Loudoun, VA | Amazon IAD86 · Loudoun, VA | Amazon Web Services · Loudoun, VA #3 | Amazon Web Services · Loudoun, VA #4 | Amazon Web Services · Loudoun, VA #5 | ...",76,https://www.deq.virginia.gov/home/showpublisheddocument/25928/638905045800170000
74171-4,"Amazon Data Services (IAD-130, IAD-131, IAD-313 and DCA-072)",2026-03-30,Prince William,Amazon,needs_permit_location,permit document not yet read: the DEQ list gives only the county,,"Amazon IAD100 · Prince William, VA | Amazon IAD101 · Prince William, VA | Amazon IAD102 · Prince William, VA | Amazon IAD103 · Prince William, VA | Amazon Web Services · Prince William, VA #1 | COPT Innovation Park Data Center · Prince William, VA | COPT Data Center Bldg 2 · Prince William, VA | Amazon Web Services · Prince William, VA #2 | Amazon Web Services · Prince William, VA #3 | Amazon Web Services · Prince William, VA #4 | AWS IAD106 · Prince William, VA | AWS IAD105 · Prince William, VA | ...",36,https://www.deq.virginia.gov/home/showpublisheddocument/36912/639177380199170000
74172-3,Remington Technology Park Limited Partnership,2022-12-06,Fauquier,,unmatched,facility name names no operator that has a mapped Virginia site,,,0,https://www.deq.virginia.gov/home/showpublisheddocument/25932/638633798982670000
74173-6,CyrusOne Sterling IX/X/XI,2025-11-06,Loudoun,CyrusOne,needs_permit_location,permit document not yet read: the DEQ list gives only the county,,"CyrusOne Sterling IX · Loudoun, VA | CyrusOne data center · Loudoun, VA | CyrusOne NVA8 · Loudoun, VA | CyrusOne NVA5 · Loudoun, VA | CyrusOne NVA1, NVA2 & NVA3 · Loudoun, VA | CyrusOne NVA7 · Loudoun, VA",6,https://www.deq.virginia.gov/home/showpublisheddocument/32405/638989963116500000
74174-1,"Amazon Data Services, Inc. IAD-150 IAD-151 IAD-152",2019-08-09,Loudoun,Amazon,needs_permit_location,permit document not yet read: the DEQ list gives only the county,,"Amazon Web Services · Loudoun, VA #1 | Amazon IAD-61 · Loudoun, VA | Amazon Web Services · Loudoun, VA #2 | Amazon IAD150 · Loudoun, VA | Amazon IAD151 · Loudoun, VA | Amazon IAD152 · Loudoun, VA | Amazon IAD63 · Loudoun, VA | Amazon IAD65 · Loudoun, VA | Amazon IAD86 · Loudoun, VA | Amazon Web Services · Loudoun, VA #3 | Amazon Web Services · Loudoun, VA #4 | Amazon Web Services · Loudoun, VA #5 | ...",76,https://www.deq.virginia.gov/home/showpublisheddocument/25936/638633803342700000
74181-1,"Amazon Data Services, Inc.",2020-03-19,Loudoun,Amazon,needs_permit_location,permit document not yet read: the DEQ list gives only the county,,"Amazon Web Services · Loudoun, VA #1 | Amazon IAD-61 · Loudoun, VA | Amazon Web Services · Loudoun, VA #2 | Amazon IAD150 · Loudoun, VA | Amazon IAD151 · Loudoun, VA | Amazon IAD152 · Loudoun, VA | Amazon IAD63 · Loudoun, VA | Amazon IAD65 · Loudoun, VA | Amazon IAD86 · Loudoun, VA | Amazon Web Services · Loudoun, VA #3 | Amazon Web Services · Loudoun, VA #4 | Amazon Web Services · Loudoun, VA #5 | ...",76,https://www.deq.virginia.gov/home/showpublisheddocument/25938/638633845487370000
74184-4,"Amazon Data Services, Inc. IAD-140/141/143",2022-08-01,Loudoun,Amazon,needs_permit_location,permit document not yet read: the DEQ list gives only the county,,"Amazon Web Services · Loudoun, VA #1 | Amazon IAD-61 · Loudoun, VA | Amazon Web Services · Loudoun, VA #2 | Amazon IAD150 · Loudoun, VA | Amazon IAD151 · Loudoun, VA | Amazon IAD152 · Loudoun, VA | Amazon IAD63 · Loudoun, VA | Amazon IAD65 · Loudoun, VA | Amazon IAD86 · Loudoun, VA | Amazon Web Services · Loudoun, VA #3 | Amazon Web Services · Loudoun, VA #4 | Amazon Web Services · Loudoun, VA #5 | ...",76,https://www.deq.virginia.gov/home/showpublisheddocument/25940/638633845946570000
74189-5,Equinix LLC (DC-21/DC-22),2025-10-17,Loudoun,Equinix,needs_permit_location,permit document not yet read: the DEQ list gives only the county,,"Equinix Ashburn DC21 · Loudoun, VA | Equinix DC13 · Loudoun, VA | Equinix · Loudoun, VA | Equinix Ashburn DC11 · Loudoun, VA | Equinix Ashburn DC6 · Loudoun, VA | Equinix Ashburn DC1 · Loudoun, VA | Equinix Ashburn DC5 · Loudoun, VA | Equinix Ashburn DC4 · Loudoun, VA | Equinix Ashburn DC2 · Loudoun, VA | Equinix Ashburn DC10 · Loudoun, VA | Equinix Ashburn DC3 · Loudoun, VA | Equinix Ashburn DC15 · Loudoun, VA | ...",14,https://www.deq.virginia.gov/home/showpublisheddocument/32404/638989963114970000
74190-2,Amazon DCA-50,2020-07-16,Culpeper,Amazon,unmatched,no Amazon site mapped in Culpeper,,,0,https://www.deq.virginia.gov/home/showpublisheddocument/25944/638633847472900000
74197-3,QTS LLC - Ashburn-Shellhorn Data Center,2022-02-04,Loudoun,Quality Technology Services,needs_permit_location,permit document not yet read: the DEQ list gives only the county,,"QTS Data Centers data center · Loudoun, VA | QTS Ashburn Lockridge · Loudoun, VA #1 | QTS Ashburn Lockridge · Loudoun, VA #2 | QTS Ashburn-Shellhorn DC1 · Loudoun, VA | QTS Ashburn-Shellhorn DC2 · Loudoun, VA | QTS Ashburn 1 · Loudoun, VA",6,https://www.deq.virginia.gov/home/showpublisheddocument/25948/638633853120600000
74198-3,Amazon Data Services - DCA-51,2024-07-16,Fauquier,Amazon,unmatched,no Amazon site mapped in Fauquier,,,0,https://www.deq.virginia.gov/home/showpublisheddocument/25950/638633853758100000
74201-4,Microsoft,2023-02-08,Fauquier,Microsoft,unmatched,no Microsoft site mapped in Fauquier,,,0,https://www.deq.virginia.gov/home/showpublisheddocument/25952/638633854222530000
74205-4,Amazon Data Services Inc IAD-120/121/122,2026-06-16,Loudoun,Amazon,needs_permit_location,permit document not yet read: the DEQ list gives only the county,,"Amazon Web Services · Loudoun, VA #1 | Amazon IAD-61 · Loudoun, VA | Amazon Web Services · Loudoun, VA #2 | Amazon IAD150 · Loudoun, VA | Amazon IAD151 · Loudoun, VA | Amazon IAD152 · Loudoun, VA | Amazon IAD63 · Loudoun, VA | Amazon IAD65 · Loudoun, VA | Amazon IAD86 · Loudoun, VA | Amazon Web Services · Loudoun, VA #3 | Amazon Web Services · Loudoun, VA #4 | Amazon Web Services · Loudoun, VA #5 | ...",76,https://www.deq.virginia.gov/home/showpublisheddocument/36911/639177380197900000
74207-3,Amazon DCA-54,2024-07-16,Fairfax,Amazon,needs_permit_location,permit document not yet read: the DEQ list gives only the county,,"Amazon IAD-1 · Fairfax, VA | Amazon IAD-9 · Fairfax, VA | Amazon Web Services · Fairfax, VA #1 | Amazon Web Services · Fairfax, VA #2",4,https://www.deq.virginia.gov/home/showpublisheddocument/25956/638633855631770000
74212-3,Digital Western Lands LLC,2025-10-10,Loudoun,,unmatched,facility name names no operator that has a mapped Virginia site,,,0,https://www.deq.virginia.gov/home/showpublisheddocument/32403/638989963113270000
74214-3,"Amazon Data Services Inc IAD-161, IAD-162, IAD-606, IAD-285, IAD-286, IAD-299, IAD-611",2024-07-09,Loudoun,Amazon,needs_permit_location,permit document not yet read: the DEQ list gives only the county,,"Amazon Web Services · Loudoun, VA #1 | Amazon IAD-61 · Loudoun, VA | Amazon Web Services · Loudoun, VA #2 | Amazon IAD150 · Loudoun, VA | Amazon IAD151 · Loudoun, VA | Amazon IAD152 · Loudoun, VA | Amazon IAD63 · Loudoun, VA | Amazon IAD65 · Loudoun, VA | Amazon IAD86 · Loudoun, VA | Amazon Web Services · Loudoun, VA #3 | Amazon Web Services · Loudoun, VA #4 | Amazon Web Services · Loudoun, VA #5 | ...",76,https://www.deq.virginia.gov/home/showpublisheddocument/25960/638633856694070000
74216-4,Nova Mango Farms LLC,2024-02-27,Prince William,,unmatched,facility name names no operator that has a mapped Virginia site,,,0,https://www.deq.virginia.gov/home/showpublisheddocument/25962/638633857089300000
74220-4,Microsoft Corp - Leesburg Data Center (IAD01-02-03-04-05),2025-03-07,Loudoun,Microsoft,needs_permit_location,permit document not yet read: the DEQ list gives only the county,,"Microsoft IAD11 · Loudoun, VA | Microsoft · Loudoun, VA #1 | Microsoft · Loudoun, VA #2",3,https://www.deq.virginia.gov/home/showpublisheddocument/25630/638771964788470000
74221-4,Microsoft Corp Blue Ridge (IAD11-12-13) Data Center,2025-07-21,Loudoun,Microsoft,needs_permit_location,permit document not yet read: the DEQ list gives only the county,,"Microsoft IAD11 · Loudoun, VA | Microsoft · Loudoun, VA #1 | Microsoft · Loudoun, VA #2",3,https://www.deq.virginia.gov/home/showpublisheddocument/25964/638892954826130000
74224-3,"SI NVA02D, LLC",2023-10-16,Prince William,,unmatched,facility name names no operator that has a mapped Virginia site,,,0,https://www.deq.virginia.gov/home/showpublisheddocument/25966/638633868679100000
74227-2,Amazon Data Services Inc - IAD-163/164/174,2024-06-21,Loudoun,Amazon,needs_permit_location,permit document not yet read: the DEQ list gives only the county,,"Amazon Web Services · Loudoun, VA #1 | Amazon IAD-61 · Loudoun, VA | Amazon Web Services · Loudoun, VA #2 | Amazon IAD150 · Loudoun, VA | Amazon IAD151 · Loudoun, VA | Amazon IAD152 · Loudoun, VA | Amazon IAD63 · Loudoun, VA | Amazon IAD65 · Loudoun, VA | Amazon IAD86 · Loudoun, VA | Amazon Web Services · Loudoun, VA #3 | Amazon Web Services · Loudoun, VA #4 | Amazon Web Services · Loudoun, VA #5 | ...",76,https://www.deq.virginia.gov/home/showpublisheddocument/25968/638633869100830000
74232-2,ASH2 Lockridge Data Center - QTS Investment Properties Ashburn II LLC,2024-08-05,Loudoun,Quality Technology Services,needs_permit_location,permit document not yet read: the DEQ list gives only the county,,"QTS Data Centers data center · Loudoun, VA | QTS Ashburn Lockridge · Loudoun, VA #1 | QTS Ashburn Lockridge · Loudoun, VA #2 | QTS Ashburn-Shellhorn DC1 · Loudoun, VA | QTS Ashburn-Shellhorn DC2 · Loudoun, VA | QTS Ashburn 1 · Loudoun, VA",6,https://www.deq.virginia.gov/home/showpublisheddocument/25970/638633869849270000
74234-2,"Darab Ventures One, Two, Six LLC",2025-10-31,Loudoun,,unmatched,facility name names no operator that has a mapped Virginia site,,,0,https://www.deq.virginia.gov/home/showpublisheddocument/32402/638989963111870000
74235-2,Cologix ASH1,2025-07-23,Loudoun,,unmatched,facility name names no operator that has a mapped Virginia site,,,0,https://www.deq.virginia.gov/home/showpublisheddocument/25974/638889504246870000
74236-1,Microsoft - Gainesville Data Center - MNZ03,2024-08-05,Prince William,Microsoft,needs_permit_location,permit document not yet read: the DEQ list gives only the county,,"Microsoft Data Center 2 · Prince William, VA | Microsoft Data Center 1 · Prince William, VA",2,https://www.deq.virginia.gov/home/showpublisheddocument/25976/638633871882970000
74237-1,Microsoft - Manassas Data Center - MNZ01,2024-01-17,Prince William,Microsoft,needs_permit_location,permit document not yet read: the DEQ list gives only the county,,"Microsoft Data Center 2 · Prince William, VA | Microsoft Data Center 1 · Prince William, VA",2,https://www.deq.virginia.gov/home/showpublisheddocument/25978/638633872515870000
74239-2,Amazon Data Services Inc - IAD-134/135/136,2026-07-29,Fairfax,Amazon,needs_permit_location,permit document not yet read: the DEQ list gives only the county,,"Amazon IAD-1 · Fairfax, VA | Amazon IAD-9 · Fairfax, VA | Amazon Web Services · Fairfax, VA #1 | Amazon Web Services · Fairfax, VA #2",4,https://www.deq.virginia.gov/home/showpublisheddocument/25980/639213635756000000
74240-3,Amazon Data Services Inc - IAD-104/105/106,2024-03-08,Manassas city,Amazon,unmatched,no Amazon site mapped in Manassas city,,,0,https://www.deq.virginia.gov/home/showpublisheddocument/25982/638633874160100000
74241-4,Gainesville Crossing Data Campus - GCDC,2026-07-29,Prince William,,unmatched,facility name names no operator that has a mapped Virginia site,,,0,https://www.deq.virginia.gov/home/showpublisheddocument/35467/639213635754630000
74242-2,Vantage Data Centers VA2 LLC,2023-09-15,Loudoun,Vantage,needs_permit_location,permit document not yet read: the DEQ list gives only the county,,"Vantage VA12 · Loudoun, VA | Vantage VA11 · Loudoun, VA | Vantage VA13 · Loudoun, VA",3,https://www.deq.virginia.gov/home/showpublisheddocument/25986/638633875365530000
74244-2,Amazon Data Services Inc IAD-169/179,2024-08-27,Loudoun,Amazon,needs_permit_location,permit document not yet read: the DEQ list gives only the county,,"Amazon Web Services · Loudoun, VA #1 | Amazon IAD-61 · Loudoun, VA | Amazon Web Services · Loudoun, VA #2 | Amazon IAD150 · Loudoun, VA | Amazon IAD151 · Loudoun, VA | Amazon IAD152 · Loudoun, VA | Amazon IAD63 · Loudoun, VA | Amazon IAD65 · Loudoun, VA | Amazon IAD86 · Loudoun, VA | Amazon Web Services · Loudoun, VA #3 | Amazon Web Services · Loudoun, VA #4 | Amazon Web Services · Loudoun, VA #5 | ...",76,https://www.deq.virginia.gov/home/showpublisheddocument/25632/638627832777030000
74246-2,"SI NVA05A, LLC and SI NVA05D, LLC",2025-02-24,Manassas city,,unmatched,facility name names no operator that has a mapped Virginia site,,,0,https://www.deq.virginia.gov/home/showpublisheddocument/25990/638990809950170000
74247-1,Aligned Data Centers IAD03,2023-01-06,Loudoun,Aligned,needs_permit_location,permit document not yet read: the DEQ list gives only the county,,"Aligned IAD03 · Loudoun, VA | Aligned IAD02 · Loudoun, VA | Aligned Ashburn · Loudoun, VA",3,https://www.deq.virginia.gov/home/showpublisheddocument/25992/638633943624630000
74250-2,Amazon Data Services Inc IAD-156 IAD-157 IAD-158 IAD-159 IAD-327,2025-06-24,Loudoun,Amazon,needs_permit_location,permit document not yet read: the DEQ list gives only the county,,"Amazon Web Services · Loudoun, VA #1 | Amazon IAD-61 · Loudoun, VA | Amazon Web Services · Loudoun, VA #2 | Amazon IAD150 · Loudoun, VA | Amazon IAD151 · Loudoun, VA | Amazon IAD152 · Loudoun, VA | Amazon IAD63 · Loudoun, VA | Amazon IAD65 · Loudoun, VA | Amazon IAD86 · Loudoun, VA | Amazon Web Services · Loudoun, VA #3 | Amazon Web Services · Loudoun, VA #4 | Amazon Web Services · Loudoun, VA #5 | ...",76,https://www.deq.virginia.gov/home/showpublisheddocument/25994/638864455362300000
74252-2,Amazon Data Services IAD-215,2026-04-06,Loudoun,Amazon,needs_permit_location,permit document not yet read: the DEQ list gives only the county,,"Amazon Web Services · Loudoun, VA #1 | Amazon IAD-61 · Loudoun, VA | Amazon Web Services · Loudoun, VA #2 | Amazon IAD150 · Loudoun, VA | Amazon IAD151 · Loudoun, VA | Amazon IAD152 · Loudoun, VA | Amazon IAD63 · Loudoun, VA | Amazon IAD65 · Loudoun, VA | Amazon IAD86 · Loudoun, VA | Amazon Web Services · Loudoun, VA #3 | Amazon Web Services · Loudoun, VA #4 | Amazon Web Services · Loudoun, VA #5 | ...",76,https://www.deq.virginia.gov/home/showpublisheddocument/25996/639123668256400000
74260-2,NTT Global Data Centers VA10 LLC,2026-04-03,Prince William,NTT,needs_permit_location,permit document not yet read: the DEQ list gives only the county,,"NTT VA11 Data Center · Prince William, VA",1,https://www.deq.virginia.gov/home/showpublisheddocument/25998/639123668251800000
74262-4,"Digital Third Second Manassas, LLC & Digital Carver Brickyard, LLC",2026-06-24,Prince William,,unmatched,facility name names no operator that has a mapped Virginia site,,,0,https://www.deq.virginia.gov/home/showpublisheddocument/37093/639185072674230000
74264-2,Digital Realty - Sterling Premiere LLC,2024-09-20,Loudoun,Digital Realty,needs_permit_location,permit document not yet read: the DEQ list gives only the county,,"Digital Realty Northern Virginia IAD44 · Loudoun, VA | Digital Realty IAD55 · Loudoun, VA | Digital Realty Northern Virginia IAD37 · Loudoun, VA | Digital Realty Northern Virginia IAD35 · Loudoun, VA | Digital Realty Northern Virginia IAD38 · Loudoun, VA | Digital Realty Northern Virginia IAD36 · Loudoun, VA | Digital Realty Northern Virginia IAD12 · Loudoun, VA | Digital Realty Building A · Loudoun, VA | Digital Realty Northern Virginia IAD14 · Loudoun, VA | Digital Realty Northern Virginia IAD24 · Loudoun, VA | Digital Realty IAD42 · Loudoun, VA | Digital Realty Northern Virginia IAD40 · Loudoun, VA | ...",21,https://www.deq.virginia.gov/home/showpublisheddocument/25636/638627836175800000
74265-3,Yondr Data Center,2026-08-13,Loudoun,,unmatched,facility name names no operator that has a mapped Virginia site,,,0,https://www.deq.virginia.gov/home/showpublisheddocument/26000/639249936177630000
74269-2,STACK Infrastructure Data Center - SI NVA06A LLC,2026-02-11,Loudoun,Stack Infrastructure,needs_permit_location,permit document not yet read: the DEQ list gives only the county,,"STACK NVA01A - Northern Virginia · Loudoun, VA",1,https://www.deq.virginia.gov/home/showpublisheddocument/35466/639105417614630000
74270-1,Amazon Data Services Inc - DCA-060,2023-10-25,Culpeper,Amazon,unmatched,no Amazon site mapped in Culpeper,,,0,https://www.deq.virginia.gov/home/showpublisheddocument/26004/638633955502300000
74272-1,Amazon Data Services Inc - DCA-64,2023-10-25,Fairfax,Amazon,needs_permit_location,permit document not yet read: the DEQ list gives only the county,,"Amazon IAD-1 · Fairfax, VA | Amazon IAD-9 · Fairfax, VA | Amazon Web Services · Fairfax, VA #1 | Amazon Web Services · Fairfax, VA #2",4,https://www.deq.virginia.gov/home/showpublisheddocument/26006/638633955909770000
74273-1,Amazon Data Services Inc - IAD-165/166/167/168/613,2023-12-19,Fairfax,Amazon,needs_permit_location,permit document not yet read: the DEQ list gives only the county,,"Amazon IAD-1 · Fairfax, VA | Amazon IAD-9 · Fairfax, VA | Amazon Web Services · Fairfax, VA #1 | Amazon Web Services · Fairfax, VA #2",4,https://www.deq.virginia.gov/home/showpublisheddocument/26008/638633956319870000
74274-1,Amazon Data Services Inc IAD-124/125/126/127,2023-12-27,Loudoun,Amazon,needs_permit_location,permit document not yet read: the DEQ list gives only the county,,"Amazon Web Services · Loudoun, VA #1 | Amazon IAD-61 · Loudoun, VA | Amazon Web Services · Loudoun, VA #2 | Amazon IAD150 · Loudoun, VA | Amazon IAD151 · Loudoun, VA | Amazon IAD152 · Loudoun, VA | Amazon IAD63 · Loudoun, VA | Amazon IAD65 · Loudoun, VA | Amazon IAD86 · Loudoun, VA | Amazon Web Services · Loudoun, VA #3 | Amazon Web Services · Loudoun, VA #4 | Amazon Web Services · Loudoun, VA #5 | ...",76,https://www.deq.virginia.gov/home/showpublisheddocument/26010/638633959051770000
74276-1,H5 Data Centers - Ashburn,2023-11-13,Loudoun,H5,needs_permit_location,permit document not yet read: the DEQ list gives only the county,,"H5 Data Centers Ashburn · Loudoun, VA",1,https://www.deq.virginia.gov/home/showpublisheddocument/26012/638633959746100000
74277-2,Amazon Data Services Inc IAD-195/196/197/198,2025-08-21,Prince William,Amazon,needs_permit_location,permit document not yet read: the DEQ list gives only the county,,"Amazon IAD100 · Prince William, VA | Amazon IAD101 · Prince William, VA | Amazon IAD102 · Prince William, VA | Amazon IAD103 · Prince William, VA | Amazon Web Services · Prince William, VA #1 | COPT Innovation Park Data Center · Prince William, VA | COPT Data Center Bldg 2 · Prince William, VA | Amazon Web Services · Prince William, VA #2 | Amazon Web Services · Prince William, VA #3 | Amazon Web Services · Prince William, VA #4 | AWS IAD106 · Prince William, VA | AWS IAD105 · Prince William, VA | ...",36,https://www.deq.virginia.gov/home/showpublisheddocument/31172/638936293176970000
74278-1,Amazon Data Services Inc IAD-210/211,2023-10-31,Prince William,Amazon,needs_permit_location,permit document not yet read: the DEQ list gives only the county,,"Amazon IAD100 · Prince William, VA | Amazon IAD101 · Prince William, VA | Amazon IAD102 · Prince William, VA | Amazon IAD103 · Prince William, VA | Amazon Web Services · Prince William, VA #1 | COPT Innovation Park Data Center · Prince William, VA | COPT Data Center Bldg 2 · Prince William, VA | Amazon Web Services · Prince William, VA #2 | Amazon Web Services · Prince William, VA #3 | Amazon Web Services · Prince William, VA #4 | AWS IAD106 · Prince William, VA | AWS IAD105 · Prince William, VA | ...",36,https://www.deq.virginia.gov/home/showpublisheddocument/26016/638633960792770000
74284-2,Vantage Data Center VA3 LLC,2026-01-05,Loudoun,Vantage,needs_permit_location,permit document not yet read: the DEQ list gives only the county,,"Vantage VA12 · Loudoun, VA | Vantage VA11 · Loudoun, VA | Vantage VA13 · Loudoun, VA",3,https://www.deq.virginia.gov/home/showpublisheddocument/35465/639105417613130000
74287-1,Vantage Data Centers VA16 LLC,2024-10-15,Loudoun,Vantage,needs_permit_location,permit document not yet read: the DEQ list gives only the county,,"Vantage VA12 · Loudoun, VA | Vantage VA11 · Loudoun, VA | Vantage VA13 · Loudoun, VA",3,https://www.deq.virginia.gov/home/showpublisheddocument/26261/638651998243870000
74288-2,Amazon Data Services Inc. IAD450 Cosner Tech Campus,2026-06-01,Spotsylvania,Amazon,unmatched,no Amazon site mapped in Spotsylvania,,,0,https://www.deq.virginia.gov/home/showpublisheddocument/36613/639168592121270000
74290-1,CyrusOne – NVA14,2024-11-01,Loudoun,CyrusOne,needs_permit_location,permit document not yet read: the DEQ list gives only the county,,"CyrusOne Sterling IX · Loudoun, VA | CyrusOne data center · Loudoun, VA | CyrusOne NVA8 · Loudoun, VA | CyrusOne NVA5 · Loudoun, VA | CyrusOne NVA1, NVA2 & NVA3 · Loudoun, VA | CyrusOne NVA7 · Loudoun, VA",6,https://www.deq.virginia.gov/home/showpublisheddocument/26720/638669941696770000
74296-1,Kincora Data Center,2026-01-20,Loudoun,,unmatched,facility name names no operator that has a mapped Virginia site,,,0,https://www.deq.virginia.gov/home/showpublisheddocument/33143/639052996292800000
74299-2,Amazon Data Services Inc - IAD - 550 Louisa REB,2026-02-20,Louisa,Amazon,unmatched,no Amazon site mapped in Louisa,,,0,https://www.deq.virginia.gov/home/showpublisheddocument/35464/639105417611870000
74300-1,Amazon Data Services Inc - IAD - 500/501,2025-03-12,Fairfax,Amazon,needs_permit_location,permit document not yet read: the DEQ list gives only the county,,"Amazon IAD-1 · Fairfax, VA | Amazon IAD-9 · Fairfax, VA | Amazon Web Services · Fairfax, VA #1 | Amazon Web Services · Fairfax, VA #2",4,https://www.deq.virginia.gov/home/showpublisheddocument/28092/638778025658170000
74301-1,"Amazon Data Services Inc - IAD-667, IAD-668, IAD-669, IAD-670, and IAD-671",2025-03-12,Loudoun,Amazon,needs_permit_location,permit document not yet read: the DEQ list gives only the county,,"Amazon Web Services · Loudoun, VA #1 | Amazon IAD-61 · Loudoun, VA | Amazon Web Services · Loudoun, VA #2 | Amazon IAD150 · Loudoun, VA | Amazon IAD151 · Loudoun, VA | Amazon IAD152 · Loudoun, VA | Amazon IAD63 · Loudoun, VA | Amazon IAD65 · Loudoun, VA | Amazon IAD86 · Loudoun, VA | Amazon Web Services · Loudoun, VA #3 | Amazon Web Services · Loudoun, VA #4 | Amazon Web Services · Loudoun, VA #5 | ...",76,https://www.deq.virginia.gov/home/showpublisheddocument/28094/638778027138400000
74302-1,Amazon Data Services Inc - IAD-243/244/290/291/292,2026-07-15,Loudoun,Amazon,needs_permit_location,permit document not yet read: the DEQ list gives only the county,,"Amazon Web Services · Loudoun, VA #1 | Amazon IAD-61 · Loudoun, VA | Amazon Web Services · Loudoun, VA #2 | Amazon IAD150 · Loudoun, VA | Amazon IAD151 · Loudoun, VA | Amazon IAD152 · Loudoun, VA | Amazon IAD63 · Loudoun, VA | Amazon IAD65 · Loudoun, VA | Amazon IAD86 · Loudoun, VA | Amazon Web Services · Loudoun, VA #3 | Amazon Web Services · Loudoun, VA #4 | Amazon Web Services · Loudoun, VA #5 | ...",76,https://www.deq.virginia.gov/home/showpublisheddocument/37399/639201548771970000
74306-2,"MECP1 Ashburn 2, LLC",2025-09-18,Loudoun,,unmatched,facility name names no operator that has a mapped Virginia site,,,0,https://www.deq.virginia.gov/home/showpublisheddocument/32401/638989963110000000
74308-1,Digital Filigree LLC,2026-03-23,Loudoun,,unmatched,facility name names no operator that has a mapped Virginia site,,,0,https://www.deq.virginia.gov/home/showpublisheddocument/35463/639105417610630000
74309-1,Amazon Data Services Inc IAD-350,2025-03-27,Stafford,Amazon,unmatched,no Amazon site mapped in Stafford,,,0,https://www.deq.virginia.gov/home/showpublisheddocument/28344/638790873414030000
74315-1,"1501 Moran Road Development Owner, LLC",2025-04-15,Loudoun,,unmatched,facility name names no operator that has a mapped Virginia site,,,0,https://www.deq.virginia.gov/home/showpublisheddocument/28686/638803848078830000
74317-1,Amazon Data Services Inc IAD-205/307/317/612/612x,2025-08-28,Manassas city,Amazon,unmatched,no Amazon site mapped in Manassas city,,,0,https://www.deq.virginia.gov/home/showpublisheddocument/31174/638936293181930000
74321-1,Belmont Innovation Campus,2026-01-28,Loudoun,,unmatched,facility name names no operator that has a mapped Virginia site,,,0,https://www.deq.virginia.gov/home/showpublisheddocument/35462/639105417609370000
74323-2,"Amazon Data Services Inc IAD-180, IAD-181, IAD-182, & IAD-183",2026-03-16,Loudoun,Amazon,needs_permit_location,permit document not yet read: the DEQ list gives only the county,,"Amazon Web Services · Loudoun, VA #1 | Amazon IAD-61 · Loudoun, VA | Amazon Web Services · Loudoun, VA #2 | Amazon IAD150 · Loudoun, VA | Amazon IAD151 · Loudoun, VA | Amazon IAD152 · Loudoun, VA | Amazon IAD63 · Loudoun, VA | Amazon IAD65 · Loudoun, VA | Amazon IAD86 · Loudoun, VA | Amazon Web Services · Loudoun, VA #3 | Amazon Web Services · Loudoun, VA #4 | Amazon Web Services · Loudoun, VA #5 | ...",76,https://www.deq.virginia.gov/home/showpublisheddocument/35461/639105417608200000
74329-2,Amazon Data Services IAD-870,2026-03-26,Spotsylvania,Amazon,unmatched,no Amazon site mapped in Spotsylvania,,,0,https://www.deq.virginia.gov/home/showpublisheddocument/35666/639123810437200000
74331-1,Westfax Property Owner A LP/Westfax 4-5A,2026-03-04,Fairfax,,unmatched,DEQ links the same document for two permits; the permit document can't be attributed,,,0,https://www.deq.virginia.gov/home/showpublisheddocument/35458/639105417604630000
74332-2,Herndon Technology Partners LLC,2026-07-31,Fairfax,,unmatched,facility name names no operator that has a mapped Virginia site,,,0,https://www.deq.virginia.gov/home/showpublisheddocument/35459/639213635752900000
74333-1,Amazon Data Services Inc IAD-45,2026-03-26,Prince William,Amazon,unmatched,DEQ links the same document for two permits; the permit document can't be attributed,,"Amazon IAD100 · Prince William, VA | Amazon IAD101 · Prince William, VA | Amazon IAD102 · Prince William, VA | Amazon IAD103 · Prince William, VA | Amazon Web Services · Prince William, VA #1 | COPT Innovation Park Data Center · Prince William, VA | COPT Data Center Bldg 2 · Prince William, VA | Amazon Web Services · Prince William, VA #2 | Amazon Web Services · Prince William, VA #3 | Amazon Web Services · Prince William, VA #4 | AWS IAD106 · Prince William, VA | AWS IAD105 · Prince William, VA | ...",36,https://www.deq.virginia.gov/home/showpublisheddocument/35458/639105417604630000
74335-1,SDC Ashburn I - SE Parcel Campus,2026-03-20,Loudoun,,unmatched,facility name names no operator that has a mapped Virginia site,,,0,https://www.deq.virginia.gov/home/showpublisheddocument/35457/639105417603370000
74336-1,Word of Grace Data Center,2026-05-22,Fairfax,,unmatched,facility name names no operator that has a mapped Virginia site,,,0,https://www.deq.virginia.gov/home/showpublisheddocument/36294/639150607463270000
74337-1,Amazon Data Services Inc IAD-170,2026-03-20,Loudoun,Amazon,needs_permit_location,permit document not yet read: the DEQ list gives only the county,,"Amazon Web Services · Loudoun, VA #1 | Amazon IAD-61 · Loudoun, VA | Amazon Web Services · Loudoun, VA #2 | Amazon IAD150 · Loudoun, VA | Amazon IAD151 · Loudoun, VA | Amazon IAD152 · Loudoun, VA | Amazon IAD63 · Loudoun, VA | Amazon IAD65 · Loudoun, VA | Amazon IAD86 · Loudoun, VA | Amazon Web Services · Loudoun, VA #3 | Amazon Web Services · Loudoun, VA #4 | Amazon Web Services · Loudoun, VA #5 | ...",76,https://www.deq.virginia.gov/home/showpublisheddocument/35456/639105417601700000
74338-1,Vantage Data Centers VA41 LLC,2026-05-12,Stafford,Vantage,unmatched,no Vantage site mapped in Stafford,,,0,https://www.deq.virginia.gov/home/showpublisheddocument/36249/639149773962100000
74341-1,Clean Arc Data Centers - VA-1 Campus,2026-07-02,Caroline,,unmatched,facility name names no operator that has a mapped Virginia site,,,0,https://www.deq.virginia.gov/home/showpublisheddocument/37147/639189502405330000
74342-1,Amazon Data Services Inc IAD-110/111/112/113,2026-06-12,Prince William,Amazon,needs_permit_location,permit document not yet read: the DEQ list gives only the county,,"Amazon IAD100 · Prince William, VA | Amazon IAD101 · Prince William, VA | Amazon IAD102 · Prince William, VA | Amazon IAD103 · Prince William, VA | Amazon Web Services · Prince William, VA #1 | COPT Innovation Park Data Center · Prince William, VA | COPT Data Center Bldg 2 · Prince William, VA | Amazon Web Services · Prince William, VA #2 | Amazon Web Services · Prince William, VA #3 | Amazon Web Services · Prince William, VA #4 | AWS IAD106 · Prince William, VA | AWS IAD105 · Prince William, VA | ...",36,https://www.deq.virginia.gov/home/showpublisheddocument/36910/639177380195570000
74348-1,DataBank Data Center Culpeper LLC,2026-08-05,Culpeper,DataBank,unmatched,no DataBank site mapped in Culpeper,,,0,https://www.deq.virginia.gov/home/showpublisheddocument/38108/639257577299170000
74349-1,Amazon Data Services Inc IAD-264,2026-07-29,Prince William,Amazon,needs_permit_location,permit document not yet read: the DEQ list gives only the county,,"Amazon IAD100 · Prince William, VA | Amazon IAD101 · Prince William, VA | Amazon IAD102 · Prince William, VA | Amazon IAD103 · Prince William, VA | Amazon Web Services · Prince William, VA #1 | COPT Innovation Park Data Center · Prince William, VA | COPT Data Center Bldg 2 · Prince William, VA | Amazon Web Services · Prince William, VA #2 | Amazon Web Services · Prince William, VA #3 | Amazon Web Services · Prince William, VA #4 | AWS IAD106 · Prince William, VA | AWS IAD105 · Prince William, VA | ...",36,https://www.deq.virginia.gov/home/showpublisheddocument/37970/639213635751370000
80941-6,Cardinal Energy Corporation,2025-10-02,Frederick,,unmatched,facility name names no operator that has a mapped Virginia site,,,0,https://www.deq.virginia.gov/home/showpublisheddocument/32400/638989963108100000
81609-5,Anthem CDC 3,2013-10-24,Harrisonburg city,,unmatched,facility name names no operator that has a mapped Virginia site,,,0,https://www.deq.virginia.gov/home/showpublisheddocument/26022/639246270937400000
